url_name,avg_volume,avg_spread,avg_median_price,avg_min_price,avg_typical_price,mod_rank
abundant_mutation,1.54,11.54,16.12,8.0,16.03,3.0
accelerated_blast,1.62,16.25,9.38,5.0,9.75,3.0
accelerated_deflection,1.0,15.0,10.0,10.0,10.0,5.0
accumulating_whipclaw,4.72,7.55,12.26,7.0,12.15,3.0
acid_shells,1.38,16.25,17.5,5.0,17.92,5.0
acidic_spittle,1.0,15.0,57.5,45.0,57.5,3.0
adaptation,18.83,28.8,78.0,50.0,77.81,10.0
adarza_kavat_imprint,10.83,4.87,8.3,4.0,8.07,0.0
adept_surge,0.0,0.0,0.0,0.0,0.0,0.0
adhesive_blast,0.0,0.0,0.0,0.0,0.0,0.0
adlet_core_blueprint,1.83,3.75,7.25,4.0,7.0,0.0
adrenaline_boost,0.0,0.0,0.0,0.0,0.0,0.0
aeolak_set,2.33,32.56,163.74,125.0,163.85,0.0
aerial_ace,1.4,15.0,20.0,15.0,20.0,5.0
aerial_prospectus,0.0,0.0,0.0,0.0,0.0,0.0
aero_agility,1.0,43.75,30.0,5.0,30.0,3.0
aero_periphery,0.0,0.0,0.0,0.0,0.0,0.0
aero_vantage,1.25,4.83,8.25,6.0,8.28,3.0
aerodynamic,4.25,15.54,23.44,10.0,23.5,5.0
afterburn,0.0,0.0,0.0,0.0,0.0,0.0
afterburner,0.0,0.0,0.0,0.0,0.0,0.0
afuris_prime_set,23.13,15.37,55.17,40.0,54.28,0.0
agile_aim,1.0,6.0,20.0,20.0,20.0,3.0
agility_drift,1.0,4.5,10.25,10.0,10.25,5.0
agkuza_set,1.4,27.2,48.9,25.0,49.57,0.0
air_recon,3.0,6.0,3.0,2.0,3.0,0.0
air_thrusters,0.0,0.0,0.0,0.0,0.0,0.0
air_time,1.2,12.0,15.8,9.0,15.8,3.0
airburst_rounds,1.25,13.75,17.75,10.0,17.33,3.0
akbolto_prime_set,11.13,19.9,77.62,60.0,77.51,0.0
akbronco_prime_set,6.77,3.97,8.73,6.0,8.71,0.0
akimbo_slip_shot,1.33,217.67,263.33,150.0,261.89,5.0
akjagara_prime_set,10.07,23.0,87.25,60.0,86.63,0.0
aklex_prime_set,7.93,14.63,55.8,40.0,55.33,0.0
aksomati_prime_set,12.13,16.37,73.27,56.0,73.04,0.0
akstiletto_prime_set,7.4,28.7,122.42,100.0,122.09,0.0
akvasto_prime_set,7.27,17.9,89.42,77.0,90.28,0.0
amars_anguish,1.5,6.5,15.06,10.0,14.75,5.0
amars_contempt,1.67,13.33,21.5,15.0,21.85,5.0
amars_hatred,4.52,9.7,17.87,7.0,18.05,5.0
ambassador_blueprint,11.87,17.47,30.43,15.0,30.11,0.0
ambassador_set,6.09,14.67,26.97,18.0,27.42,0.0
ambush,1.0,40.0,45.8,35.0,45.8,3.0
ambush_optics_(rubico),1.77,27.14,26.45,12.0,26.94,3.0
amesha_harness,0.0,0.0,0.0,0.0,0.0,0.0
amesha_set,1.6,30.2,47.9,25.0,47.93,0.0
amesha_wings,0.0,0.0,0.0,0.0,0.0,0.0
amethyst_antitoxin,1.0,1990.0,2000.0,2000.0,2000.0,0.0
ammo_case,1.0,7.0,10.0,5.0,10.0,5.0
ammo_chain,1.25,3.0,10.38,10.0,10.5,5.0
ammo_drum,2.0,10.0,10.0,10.0,10.0,5.0
amniophysi,4.67,3.0,3.33,2.0,3.33,0.0
anabolic_pollination,1.0,23.0,17.0,17.0,17.0,0.0
anchored_glide,1.33,15.67,15.83,10.0,16.11,5.0
ancient_fusion_core,3.0,93.33,156.67,150.0,156.67,0.0
anemic_agility,4.59,9.28,14.97,7.0,14.94,5.0
animal_instinct,2.42,3.29,8.44,5.0,8.67,5.0
ankyros_prime_gauntlet,15.93,8.43,10.77,5.0,10.71,0.0
ankyros_prime_set,8.47,15.83,57.68,40.0,56.71,0.0
anti_flak_plating,0.0,0.0,0.0,0.0,0.0,0.0
anti_grav_array,1.0,21.25,13.75,10.0,13.75,3.0
anti_grav_grenade,0.0,0.0,0.0,0.0,0.0,0.0
anticipation,0.0,0.0,0.0,0.0,0.0,0.0
antimatter_absorb,1.0,23.75,22.0,10.0,22.0,3.0
antimatter_mine,0.0,0.0,0.0,0.0,0.0,0.0
antitoxin,0.0,0.0,0.0,0.0,0.0,0.0
apex_predator,0.0,0.0,0.0,0.0,0.0,0.0
aquapulmo,3.8,6.6,5.0,1.0,5.0,0.0
arbiters_of_hexis_augment_mod,3.0,6.83,10.83,5.0,10.83,0.0
arc_coil,0.0,0.0,0.0,0.0,0.0,0.0
arcane_acceleration,18.1,54.97,100.68,80.0,104.81,5.0
arcane_aegis,8.27,50.8,310.05,280.0,312.38,5.0
arcane_agility,3.09,7.22,16.96,10.0,17.26,5.0
arcane_arachne,14.53,20.27,24.28,13.0,24.7,5.0
arcane_aura_trinity_helmet,1.33,113.33,158.61,50.0,157.96,0.0
arcane_aurora_frost_helmet,1.3,82.2,99.55,45.0,99.27,0.0
arcane_avalon_excalibur_helmet,1.4,22.8,94.8,80.0,94.13,0.0
arcane_avenger,27.57,49.5,307.43,250.0,307.92,5.0
arcane_awakening,2.92,4.12,9.31,5.0,9.36,5.0
arcane_backdraft_ember_helmet,1.25,97.5,123.75,90.0,123.33,0.0
arcane_barrier,5.6,42.77,199.98,130.0,198.99,5.0
arcane_blade_charger,2.93,25.04,86.13,60.0,86.27,5.0
arcane_blessing,28.2,39.17,105.98,83.0,106.22,5.0
arcane_chlora_saryn_helmet,1.11,107.78,148.89,100.0,147.96,0.0
arcane_chorus_banshee_helmet,1.0,40.83,136.67,100.0,136.67,0.0
arcane_coil_mag_helmet,1.23,168.92,188.96,50.0,187.62,0.0
arcane_consequence,2.85,5.42,9.44,5.0,9.44,5.0
arcane_deflection,1.29,3.64,13.86,10.0,13.88,5.0
arcane_double_back,1.8,61.33,346.67,300.0,344.42,5.0
arcane_energize,20.9,252.97,2282.08,2080.0,2280.77,5.0
arcane_eruption,5.93,17.24,39.14,20.0,38.83,5.0
arcane_esprit_vauban_helmet,1.11,105.56,110.44,50.0,110.44,0.0
arcane_essence_loki_helmet,1.4,76.8,93.0,30.0,91.67,0.0
arcane_flux_nova_helmet,1.0,44.38,70.0,45.0,70.0,0.0
arcane_fury,28.07,48.23,406.2,376.0,406.58,5.0
arcane_gambit_vauban_helmet,1.43,64.29,71.79,25.0,70.95,0.0
arcane_gauss_mag_helmet,1.6,127.0,122.8,30.0,125.5,0.0
arcane_grace,10.2,68.0,593.45,500.0,592.74,5.0
arcane_guardian,31.1,41.67,217.78,190.0,217.74,5.0
arcane_healing,2.08,2.75,19.58,15.0,19.44,5.0
arcane_hemlock_saryn_helmet,1.25,33.75,89.38,50.0,89.17,0.0
arcane_ice,2.7,3.96,8.76,5.0,8.65,5.0
arcane_intention,1.5,104.89,190.89,100.0,192.91,5.0
arcane_locust_ash_helmet,1.17,126.67,95.83,30.0,95.83,0.0
arcane_menticide_nyx_helmet,1.33,107.0,134.56,30.0,134.81,0.0
arcane_meridian_trinity_helmet,1.17,322.5,130.83,50.0,130.83,0.0
arcane_momentum,5.63,9.3,15.15,9.0,15.01,5.0
arcane_nullifier,32.23,23.93,94.98,70.0,94.46,5.0
arcane_pendragon_excalibur_helmet,1.33,104.56,229.33,150.0,228.41,0.0
arcane_phantasm,1.59,4.18,9.74,7.0,9.61,5.0
arcane_phoenix_ember_helmet,1.2,57.0,96.0,70.0,95.0,0.0
arcane_pistoleer,6.18,36.0,169.04,141.0,167.69,5.0
arcane_power_ramp,1.43,191.81,623.98,405.0,617.17,5.0
arcane_precision,8.1,42.63,174.05,140.0,174.53,5.0
arcane_primary_charger,2.46,16.54,51.54,35.0,51.47,5.0
arcane_pulse,1.65,5.55,22.88,15.0,22.78,5.0
arcane_pulse_volt_helmet,1.14,169.29,131.21,50.0,128.0,0.0
arcane_rage,20.63,23.57,49.8,26.0,49.07,5.0
arcane_reaper,2.93,179.71,747.95,600.0,742.49,5.0
arcane_resistance,2.26,8.7,37.28,28.0,36.54,5.0
arcane_reverb_banshee_helmet,1.75,23.75,89.75,75.0,89.0,0.0
arcane_rise,8.6,36.2,111.12,80.0,108.31,5.0
arcane_scorpion_ash_helmet,1.0,21.17,36.5,20.0,36.5,0.0
arcane_squall_frost_helmet,1.23,140.92,156.69,50.0,156.82,0.0
arcane_steadfast,10.67,90.03,342.35,270.0,341.01,5.0
arcane_storm_volt_helmet,1.27,206.33,198.83,50.0,199.11,0.0
arcane_strike,27.87,28.67,69.9,35.0,68.39,5.0
arcane_swindle_loki_helmet,1.33,131.67,190.0,50.0,187.78,0.0
arcane_tanker,3.26,29.0,85.31,54.0,84.77,5.0
arcane_tempo,5.52,5.66,9.76,3.0,9.95,5.0
arcane_thrak_rhino_helmet,1.33,49.44,60.22,30.0,57.81,0.0
arcane_trickery,10.3,13.2,19.5,10.0,18.96,5.0
arcane_ultimatum,2.34,14.55,44.22,30.0,44.4,5.0
arcane_vanguard_rhino_helmet,1.14,73.14,198.43,150.0,198.43,0.0
arcane_velocity,33.93,18.8,95.7,76.0,94.87,5.0
arcane_vespa_nyx_helmet,1.0,110.6,129.8,99.0,129.8,0.0
arcane_victory,1.8,6.96,19.04,13.0,19.12,5.0
arcane_warmth,1.61,6.17,6.65,2.0,6.74,5.0
arch_gun_riven_mod_(veiled),10.74,6.35,18.85,15.0,18.53,0.0
archgun_ace,1.44,21.44,23.44,10.0,23.78,5.0
archon_continuity,6.43,38.13,133.73,101.0,134.43,10.0
archon_flow,6.97,37.9,135.93,110.0,136.47,10.0
archon_intensify,9.1,43.43,139.48,105.0,140.03,10.0
archon_stretch,18.7,51.77,140.58,90.0,141.68,10.0
archon_vitality,15.33,47.57,132.4,95.0,132.92,10.0
argent_scourge,0.0,0.0,0.0,0.0,0.0,0.0
argon_plating,0.0,0.0,0.0,0.0,0.0,0.0
argon_scope,1.29,3.71,12.15,8.0,12.2,5.0
armored_acrobatics,0.0,0.0,0.0,0.0,0.0,0.0
armored_agility,1.36,2.21,8.25,7.0,8.29,5.0
armored_evade,0.0,0.0,0.0,0.0,0.0,0.0
armored_recovery,0.0,0.0,0.0,0.0,0.0,0.0
arrow_mutation,1.57,4.86,8.29,5.0,8.24,5.0
artillery_cheap_shot,1.72,13.0,22.69,9.0,22.65,5.0
arum_spinosa_blueprint,3.23,3.08,4.75,2.0,4.73,0.0
arum_spinosa_rivet,7.13,18.83,49.62,38.0,48.73,0.0
arum_spinosa_set,3.04,54.35,132.4,75.0,133.14,0.0
ash_prime_set,35.8,43.6,79.62,63.0,83.33,0.0
assault_mode,1.0,10.0,10.0,10.0,10.0,5.0
assimilate,1.6,12.5,15.7,10.0,15.37,3.0
astilla_prime_set,20.8,16.43,26.23,12.0,25.57,0.0
astral_autopsy,1.33,38.0,48.21,15.0,47.64,0.0
astral_slash,2.0,52.0,60.0,60.0,60.0,5.0
astral_twilight,7.13,7.73,10.73,5.0,10.91,3.0
athodai_blueprint,5.93,6.83,18.03,13.0,18.24,0.0
athodai_set,4.97,32.77,89.12,60.0,88.46,0.0
atlantis_vulcan,1.14,8.57,10.29,3.0,10.29,3.0
atlas_prime_set,35.3,20.4,53.4,36.0,52.86,0.0
auger_strike,1.17,15.17,16.0,8.0,16.0,5.0
augur_accord,1.5,11.31,10.31,3.0,10.67,5.0
augur_message,5.2,10.47,10.58,5.0,10.86,5.0
augur_pact,1.94,4.71,9.12,3.0,9.0,5.0
augur_reach,11.67,15.67,22.57,15.0,22.92,5.0
augur_secrets,16.67,18.2,25.87,10.0,26.01,5.0
augur_seeker,3.19,8.48,15.37,7.0,15.12,5.0
auto_breach,6.37,3.63,8.23,5.0,8.31,0.0
auto_omni,0.0,0.0,0.0,0.0,0.0,0.0
automatic_trigger,2.29,9.04,14.12,9.0,14.4,5.0
auxiliary_power,1.06,3.0,16.5,13.0,16.5,5.0
avenging_truth,1.0,33.67,24.33,14.0,24.33,3.0
aviator,1.62,13.88,11.25,4.0,11.42,3.0
ayatan_amber_star,71.63,1.93,2.0,1.0,1.89,0.0
ayatan_anasa_sculpture,528.73,11.23,10.0,5.0,10.67,4.0
ayatan_ayr_sculpture,25.97,4.66,4.62,2.0,4.7,3.0
ayatan_cyan_star,67.88,0.0,1.0,1.0,1.0,0.0
ayatan_hemakara_sculpture,3.06,37.89,35.39,15.0,36.46,3.0
ayatan_kitha_sculpture,6.75,7.46,19.0,10.0,19.11,5.0
ayatan_orta_sculpture,55.13,3.67,6.33,4.0,6.38,4.0
ayatan_piv_sculpture,15.8,2.73,4.58,2.0,4.5,3.0
ayatan_sah_sculpture,13.67,2.53,4.12,2.0,4.1,3.0
ayatan_valana_sculpture,20.33,2.47,4.28,2.0,4.12,3.0
ayatan_vaya_sculpture,22.43,3.37,5.68,4.0,5.87,3.0
ayatan_zambuka_sculpture,2.36,8.36,16.77,10.0,16.85,3.0
balefire_surge,1.4,8.8,21.0,19.0,21.0,3.0
ballista_measure,1.8,19.0,69.5,50.0,68.0,3.0
ballistic_bullseye,1.17,3.5,12.33,10.0,12.44,3.0
ballistica_prime_set,9.1,23.27,71.27,40.0,71.48,0.0
bane_of_corpus,1.0,12.0,15.0,10.0,15.0,5.0
bane_of_corrupted,1.77,10.77,37.08,30.0,36.95,5.0
bane_of_grineer,1.44,9.22,13.61,10.0,13.52,5.0
bane_of_infested,1.0,17.0,12.5,10.0,12.5,5.0
banshee_prime_set,37.77,16.53,53.3,40.0,53.44,0.0
barbisteo,8.33,4.0,2.33,1.0,2.33,0.0
barrel_diffusion,2.5,6.0,11.0,5.0,10.97,5.0
baruuk_prime_set,93.0,21.73,47.82,35.0,48.08,0.0
basmu_blueprint,10.87,14.37,25.45,15.0,25.21,0.0
battering_maneuver,0.0,0.0,0.0,0.0,0.0,0.0
battle_forge,1.0,35.0,22.5,15.0,22.5,5.0
battle_stations,1.0,25.67,16.67,7.0,16.67,5.0
baza_prime_set,13.9,21.7,59.48,45.0,59.43,0.0
beguiling_lantern,1.0,3.67,11.67,10.0,11.67,3.0
berserker,6.57,6.97,12.12,5.0,12.3,5.0
beryl_antitoxin,0.0,0.0,0.0,0.0,0.0,0.0
bhaira_hound_blueprint,2.21,4.68,8.32,2.0,8.16,0.0
bhisaj_bal,1.0,8.29,24.71,20.0,24.71,5.0
bite,2.28,20.64,94.62,65.0,94.27,10.0
biting_frost,1.9,8.5,14.3,10.0,14.27,3.0
biting_piranha,0.0,0.0,0.0,0.0,0.0,0.0
blackout_pulse,1.56,21.56,96.17,90.0,96.26,10.0
blade_of_truth,1.12,12.75,11.38,8.0,11.33,3.0
bladed_rounds,3.12,19.08,27.6,10.0,26.72,5.0
blast_shield,0.0,0.0,0.0,0.0,0.0,0.0
blaze,17.3,28.13,82.3,60.0,81.99,3.0
blazing_pillage,2.59,11.63,16.74,10.0,16.99,3.0
blazing_steel,1.0,7.0,15.0,15.0,15.0,5.0
bleeding_edge,1.0,40.0,39.0,39.0,39.0,10.0
bleeding_willow,1.7,4.1,8.35,5.0,8.2,3.0
blending_talons,1.36,5.21,15.5,10.0,15.57,3.0
blind_justice,1.95,5.24,8.05,3.0,8.19,3.0
blind_rage,18.6,16.9,79.67,66.0,79.68,10.0
blind_shot,1.0,68.0,7.0,7.0,7.0,3.0
blinding_reave,1.67,12.0,12.17,9.0,12.0,3.0
blood_for_ammo,1.0,2.5,2.0,1.0,2.0,0.0
blood_for_energy,4.93,9.69,14.29,7.0,13.85,0.0
blood_for_life,1.11,2.11,4.72,3.0,4.74,0.0
blood_forge,1.46,9.08,14.65,8.0,15.0,3.0
blood_rush,8.73,13.73,68.13,60.0,67.97,10.0
blunderbuss,0.0,0.0,0.0,0.0,0.0,0.0
bo_prime_set,12.63,13.53,65.65,55.0,66.17,0.0
boar_prime_set,28.37,31.83,116.17,85.0,116.58,0.0
body_count,1.64,31.36,26.68,5.0,26.36,5.0
boltor_prime_set,13.2,17.53,61.3,40.0,61.39,0.0
bomb_the_landin,1.2,3.4,21.6,20.0,21.6,3.0
bonewidow_set,4.66,19.76,77.71,65.0,78.17,0.0
bonewidow_weapon_pod,1.25,6.25,20.62,15.0,20.42,0.0
bore,1.33,6.67,25.83,23.0,25.44,5.0
boreals_anguish,1.11,15.33,16.17,8.0,16.07,5.0
boreals_contempt,2.0,18.09,19.78,10.0,20.1,5.0
boreals_hatred,2.21,10.47,17.26,5.0,17.44,5.0
botanist,1.67,1.38,49.48,49.0,49.48,5.0
bounty_hunter,0.0,0.0,0.0,0.0,0.0,0.0
brain_storm_(grakata),1.0,22.0,14.0,10.0,14.0,3.0
braton_prime_set,47.9,12.93,9.12,1.0,9.59,0.0
braton_vandal_set,4.69,57.48,279.43,231.0,278.1,0.0
breach_loader,0.0,0.0,0.0,0.0,0.0,0.0
breach_quanta,1.0,7.0,8.0,8.0,8.0,5.0
brickie,8.5,1.0,1.33,1.0,1.33,0.0
brief_respite,12.17,11.03,19.3,10.0,19.11,5.0
bright_purity,1.33,4.5,11.83,10.0,12.17,3.0
broad_eye,0.0,0.0,0.0,0.0,0.0,0.0
broken_war_set,3.82,4.46,5.41,3.0,5.58,0.0
bronco_prime_set,20.17,8.77,11.47,1.0,11.53,0.0
brutal_tide,1.0,3.0,9.67,9.0,9.67,3.0
bullet_dance,3.57,17.9,39.38,30.0,39.47,3.0
burdened_magazine,1.25,5.0,7.25,2.0,7.25,5.0
burning_wasp,0.0,0.0,0.0,0.0,0.0,0.0
bursting_mass,1.0,53.57,45.71,15.0,45.71,5.0
burston_prime_set,24.87,7.93,10.47,6.0,10.54,0.0
butchers_revelry,1.55,9.7,20.55,13.0,20.58,3.0
buzz_kill,2.66,10.28,19.64,10.0,19.36,5.0
cabochon_embolos,12.87,1.78,2.5,1.0,2.54,0.0
calculated_redirection,1.25,3.75,33.25,30.0,33.25,10.0
calculated_shot,1.0,0.0,30.0,30.0,30.0,5.0
calculated_spring,0.0,0.0,0.0,0.0,0.0,0.0
calculated_victory,0.0,0.0,0.0,0.0,0.0,0.0
calm_and_frenzy,1.14,12.57,16.71,10.0,16.48,3.0
capacitance,2.56,12.07,17.19,9.0,16.84,3.0
carmine_penta_blueprint,6.7,8.67,10.0,5.0,10.33,0.0
carmine_penta_set,5.77,23.5,72.83,50.0,72.72,0.0
carnis_mandible,1.95,2.81,8.95,7.0,8.95,5.0
carnis_stinger,2.28,12.03,16.71,7.0,16.57,5.0
carrier_prime_set,15.77,11.4,69.82,55.0,69.09,0.0
carving_mantis,1.2,14.8,14.7,9.0,14.73,3.0
cascadia_accuracy,1.91,13.55,29.16,20.0,29.42,5.0
cascadia_empowered,3.46,16.18,72.68,60.0,72.5,5.0
cascadia_flare,17.5,23.53,83.02,65.0,83.3,5.0
cascadia_overcharge,4.39,23.29,80.41,60.0,79.37,5.0
cataclysmic_continuum,1.56,12.44,14.11,9.0,14.26,3.0
catapult,1.0,15.0,17.5,15.0,17.5,3.0
cathode_current,2.88,11.72,16.98,10.0,16.71,3.0
cats_eye,1.0,15.5,8.0,7.0,8.0,3.0
cautious_shot,1.41,9.47,94.82,85.0,94.73,10.0
cedo_blueprint,1.08,1.92,8.33,7.0,8.33,0.0
cedo_set,26.93,5.2,18.65,10.0,18.31,0.0
cela_bracket_blueprint,1.75,7.06,6.69,2.0,6.65,0.0
celestial_nightfall,0.0,0.0,0.0,0.0,0.0,0.0
celestial_stomp,1.0,11.89,15.56,10.0,15.56,3.0
centaur_aegis,4.67,4.6,9.78,5.0,9.76,0.0
centaur_set,1.75,35.08,43.83,20.0,42.31,0.0
cephalon_suda_augment_mod,2.11,4.0,9.67,5.0,9.74,0.0
cernos_prime_set,10.23,22.97,59.05,35.0,58.39,0.0
ceti_lacera_blueprint,7.73,5.93,19.45,14.0,19.37,0.0
champions_blessing,1.2,9.73,20.33,12.0,20.42,3.0
chaos_sphere,1.0,30.0,44.0,44.0,44.0,3.0
charamote,11.87,1.47,1.97,1.0,1.96,0.0
charc_eel,8.0,1.44,1.67,1.0,1.67,0.0
charged_bullets,1.94,8.53,12.82,8.0,12.9,3.0
charged_chamber,0.0,0.0,0.0,0.0,0.0,0.0
charged_shell,1.25,2.75,10.06,9.0,10.08,5.0
charm,1.25,3.17,5.88,4.0,5.92,3.0
chesa_kubrow_imprint,5.86,3.41,14.43,10.0,14.46,0.0
chilling_globe,1.5,3.17,9.83,9.0,9.89,3.0
chilling_grasp,1.25,2.25,8.75,5.0,8.75,5.0
chilling_reload,2.35,6.57,6.78,3.0,6.91,3.0
chondricord,5.38,2.0,3.85,2.0,3.9,0.0
chroma_prime_set,45.1,12.87,58.42,35.0,57.01,0.0
cinta_grip_blueprint,7.08,4.97,8.74,3.0,8.55,0.0
cinta_lower_limb_blueprint,6.24,3.39,8.78,5.0,8.66,0.0
cinta_set,15.27,17.97,34.63,20.0,33.74,0.0
cinta_string_blueprint,6.14,4.09,8.64,5.0,8.53,0.0
cinta_upper_limb_blueprint,6.44,3.67,8.65,5.0,8.73,0.0
citrine_antitoxin,1.0,92.0,95.0,95.0,95.0,0.0
clashing_forest,1.0,10.0,12.25,5.0,12.25,3.0
cleanse_corpus,0.0,0.0,0.0,0.0,0.0,0.0
cleanse_corrupted,1.0,14.4,23.0,15.0,23.0,5.0
cleanse_grineer,1.5,17.0,9.25,7.0,9.5,5.0
cleanse_infested,0.0,0.0,0.0,0.0,0.0,0.0
cleaving_whirlwind,1.3,1.9,8.75,5.0,8.77,3.0
coaction_drift,3.09,7.45,19.57,10.0,18.89,5.0
cobra_and_crane_prime_set,27.77,12.03,28.68,18.0,28.73,0.0
coiling_viper,1.0,3.75,10.0,10.0,10.0,3.0
cold_arrival,1.0,0.0,20.0,20.0,20.0,3.0
cold_snap,1.11,5.56,7.56,3.0,7.67,3.0
collision_force,1.33,8.0,13.33,10.0,13.33,5.0
combat_discipline,6.0,10.38,11.41,5.0,11.92,5.0
combat_reload,1.5,45.0,125.0,100.0,130.0,5.0
combo_fury,1.0,8.67,35.0,30.0,35.0,5.0
combo_killer,1.0,10.0,50.0,50.0,50.0,5.0
combustion_beam,0.0,0.0,0.0,0.0,0.0,0.0
combustion_rounds,1.12,4.38,17.94,14.0,18.0,5.0
comet_blast,0.0,0.0,0.0,0.0,0.0,0.0
comet_rounds,0.0,0.0,0.0,0.0,0.0,0.0
companion_weapon_riven_mod_(veiled),2.33,7.92,14.44,10.0,14.41,0.0
concealed_explosives,1.0,7.0,5.5,5.0,5.5,3.0
concentrated_arrow,1.33,12.6,16.93,10.0,16.82,3.0
concussion_rounds,1.0,4.0,3.0,2.0,3.0,0.0
condition_overload,10.23,10.9,17.32,9.0,16.99,5.0
conductor,1.4,6.45,15.95,12.0,16.07,3.0
conic_nozzle,1.29,4.43,13.36,10.0,13.24,5.0
conjunction_voltage,1.85,28.0,109.69,90.0,109.69,5.0
constitution,8.63,9.6,16.95,10.0,16.44,3.0
contagion_cloud,1.55,6.59,14.5,10.0,14.7,3.0
contagious_spread,1.6,6.0,11.6,10.0,11.63,5.0
continuity,6.53,8.93,10.97,5.0,11.47,5.0
continuous_misery,1.0,8.0,17.0,14.0,17.0,3.0
controlled_slide,1.5,25.0,22.75,10.0,22.67,5.0
convulsion,1.0,5.2,11.2,8.0,11.2,5.0
coolant_leak,1.74,3.84,6.71,5.0,6.72,0.0
cordon,0.0,0.0,0.0,0.0,0.0,0.0
corinth_prime_set,16.53,28.53,68.98,1.0,66.93,0.0
corroding_barrage,1.0,18.75,26.25,20.0,26.25,3.0
corrosive_projection,11.27,18.47,24.93,14.0,25.4,5.0
corrupt_charge,9.07,13.2,14.2,5.0,13.78,3.0
cortege_set,1.15,49.69,189.92,130.0,189.54,0.0
corufell_set,7.77,16.77,30.87,20.0,30.74,0.0
corvas_prime_set,27.87,13.03,21.25,10.0,20.89,0.0
corvas_set,3.7,14.87,32.7,20.0,33.29,0.0
counter_pulse,1.17,10.0,21.67,15.0,21.67,3.0
counterbalance,1.0,25.75,18.0,9.0,18.0,3.0
countermeasures,2.0,0.0,80.0,80.0,80.0,3.0
counterweight,0.0,0.0,0.0,0.0,0.0,0.0
covert_lethality,1.55,7.4,10.45,7.0,10.4,3.0
crash_course,1.0,10.5,9.5,9.0,9.5,5.0
crash_shot,0.0,0.0,0.0,0.0,0.0,0.0
crashing_havoc,0.0,0.0,0.0,0.0,0.0,0.0
crashing_timber,0.0,0.0,0.0,0.0,0.0,0.0
creeping_bullseye,5.0,10.0,12.24,4.0,12.6,5.0
creeping_terrify,1.5,6.5,18.08,10.0,18.08,3.0
crescent_charge,1.0,1.0,40.0,40.0,40.0,3.0
crescent_devolution,1.0,9.0,30.0,30.0,30.0,3.0
crescent_vulpaphyla_imprint,1.91,26.73,32.14,15.0,31.7,0.0
crimson_dervish,1.59,5.06,11.47,8.0,11.43,3.0
crimson_fugue,1.43,8.14,97.57,90.0,97.67,10.0
critical_deceleration,9.37,17.47,18.3,8.0,19.22,5.0
critical_delay,18.2,17.6,22.07,10.0,21.96,5.0
critical_focus,3.63,9.19,25.35,19.0,25.85,5.0
critical_precision,1.25,52.81,73.31,20.0,73.17,5.0
critical_surge,2.0,12.2,16.15,9.0,16.57,3.0
crossing_snakes,1.5,12.0,9.33,5.0,8.94,3.0
crowd_dispersion,4.0,22.0,8.5,4.0,8.5,0.0
cruising_speed,1.18,17.09,73.41,60.0,73.24,10.0
crushing_ruin,4.19,13.41,16.3,7.0,16.2,3.0
cryo_coating,1.0,22.75,21.25,5.0,21.25,3.0
cryo_rounds,1.0,1.12,9.5,9.0,9.5,5.0
cryptosuctus,3.5,1.0,2.0,2.0,2.0,0.0
cunning_aspect,0.0,0.0,0.0,0.0,0.0,0.0
cunning_drift,7.59,15.52,17.95,5.0,17.57,5.0
curative_undertow,1.0,7.0,20.0,20.0,20.0,3.0
cuthol,5.73,2.2,2.52,1.0,2.54,0.0
cutting_edge,1.0,70.0,92.5,65.0,92.5,10.0
cyclone_kraken,1.29,20.86,19.86,13.0,20.1,3.0
cyngas_set,1.0,22.1,42.7,20.0,42.7,0.0
dakra_prime_set,10.33,15.47,37.77,23.0,36.42,0.0
damaged_necramech_pod,42.8,5.13,7.0,3.0,7.04,0.0
damaged_necramech_set,13.4,6.93,14.33,10.0,14.0,0.0
damaged_necramech_weapon_pod,9.2,1.13,1.08,1.0,1.26,0.0
damaged_necramech_weapon_set,1.44,33.88,101.47,60.0,100.94,0.0
damzav_vati,1.22,20.33,25.5,12.0,25.56,5.0
dead_eye,3.11,22.19,31.57,10.0,31.01,5.0
deadly_efficiency,1.0,10.0,25.0,25.0,25.0,5.0
deadly_maneuvers,1.33,59.78,41.89,10.0,41.89,3.0
deadly_sequence,0.0,0.0,0.0,0.0,0.0,0.0
death_blossom,1.1,24.5,21.3,7.0,21.3,5.0
deceptive_bond,1.0,25.5,22.5,10.0,22.5,3.0
decisive_judgement,1.57,9.64,11.46,5.0,11.26,3.0
deep_freeze,1.59,10.53,13.71,7.0,13.63,5.0
defensive_fire,1.0,29.0,17.5,1.0,17.5,5.0
defiled_reckoning,0.0,0.0,0.0,0.0,0.0,0.0
defiled_snapdragon,1.29,7.14,10.71,7.0,10.71,3.0
deft_tempo,0.0,0.0,0.0,0.0,0.0,0.0
delta_beacon,1.67,8.33,16.67,10.0,16.67,0.0
depleted_reload,1.43,6.71,9.43,5.0,9.33,5.0
dera_vandal_set,4.03,11.28,36.02,25.0,35.59,0.0
desiccations_curse,1.0,5.0,12.5,10.0,12.5,3.0
despoil,7.33,6.37,11.08,7.0,11.11,3.0
destreza_prime_set,11.03,15.57,45.12,25.0,44.06,0.0
detect_vulnerability,1.0,32.0,57.0,49.0,57.0,5.0
dethcube_prime_set,19.2,20.53,40.27,15.0,40.94,0.0
diamond_skin,6.0,0.0,14.0,14.0,14.0,5.0
dig,1.0,15.0,20.0,10.0,20.0,5.0
directed_convergence,1.0,19.0,16.0,16.0,16.0,3.0
disarming_purity,1.0,3.0,8.5,8.0,8.5,0.0
discharge_strike,0.0,0.0,0.0,0.0,0.0,0.0
dispatch_overdrive,1.0,14.0,10.0,10.0,10.0,5.0
disruptor,1.0,9.0,5.0,5.0,5.0,0.0
diversified_denial,1.0,15.0,15.0,15.0,15.0,5.0
dividing_blades,0.0,0.0,0.0,0.0,0.0,0.0
dizzying_rounds,4.56,131.67,154.72,15.0,150.0,3.0
dorma_hound_blueprint,2.21,7.5,9.07,3.0,8.74,0.0
double_barrel_drift,1.0,6.67,11.67,5.0,11.67,3.0
double_tap,1.31,8.56,20.12,13.0,20.17,3.0
draining_bite,0.0,0.0,0.0,0.0,0.0,0.0
draining_gloom,0.0,0.0,0.0,0.0,0.0,0.0
dread_ward,1.0,7.0,11.5,10.0,11.5,3.0
drifting_contact,2.39,5.26,7.7,3.0,7.83,3.0
dual_decurion_set,2.96,14.12,34.58,20.0,34.65,0.0
dual_kamas_prime_set,7.77,31.3,109.58,90.0,109.91,0.0
dual_keres_prime_set,30.93,11.9,31.0,23.0,31.02,0.0
dual_rounds,5.79,21.03,48.17,35.0,47.86,5.0
duality,1.57,17.14,17.43,10.0,17.19,3.0
duroid,2.71,5.43,5.0,2.0,5.0,0.0
eagle_eye,1.5,14.5,18.5,10.0,18.5,3.0
echowinder,1.0,2.67,2.17,1.0,2.17,0.0
efficient_beams,1.76,16.12,99.76,80.0,100.04,5.0
efficient_transferral,1.3,8.2,10.3,5.0,10.63,3.0
eidolon_lens_blueprint,5.93,5.43,8.18,4.0,8.2,0.0
eidolon_madurai_lens,1.84,8.68,37.6,25.0,37.31,0.0
eidolon_naramon_lens,1.74,8.68,24.45,20.0,24.14,0.0
eidolon_unairu_lens,1.85,6.46,25.62,20.0,25.72,0.0
eidolon_vazarin_lens,1.31,12.54,24.31,17.0,24.1,0.0
eidolon_zenurik_lens,2.42,9.81,31.58,20.0,31.5,0.0
eject_magazine,2.33,14.0,12.25,5.0,12.28,3.0
electro_pulse,0.0,0.0,0.0,0.0,0.0,0.0
electromagnetic_shielding,0.0,0.0,0.0,0.0,0.0,0.0
elemental_sandstorm,1.0,4.0,11.0,11.0,11.0,3.0
eleventh_storm,1.27,8.91,8.73,4.0,8.73,3.0
elytron_harness,1.0,75.0,80.0,80.0,80.0,0.0
elytron_set,1.0,3.75,32.5,30.0,32.5,0.0
elytron_wings,0.0,0.0,0.0,0.0,0.0,0.0
embedded_catalyzer,0.0,0.0,0.0,0.0,0.0,0.0
ember_prime_set,24.93,25.23,80.17,60.0,80.11,0.0
emergence_dissipate,2.69,15.1,40.93,26.0,40.64,5.0
emergence_renewed,1.86,8.73,30.36,20.0,30.35,5.0
emergence_savior,3.54,15.77,32.06,20.0,32.04,5.0
emergent_aftermath,0.0,0.0,0.0,0.0,0.0,0.0
emp_aura,0.0,0.0,0.0,0.0,0.0,0.0
empowered_blades,1.83,1.83,39.17,38.0,39.17,5.0
empowered_quiver,2.09,11.14,16.25,9.0,16.26,3.0
endless_lullaby,1.25,12.83,17.0,9.0,16.78,3.0
endoparasitic_vector,1.0,114.0,25.0,25.0,25.0,3.0
endurance_drift,1.55,8.09,9.14,1.0,9.27,5.0
enduring_affliction,1.0,0.0,15.0,15.0,15.0,5.0
enduring_strike,1.0,7.0,5.0,5.0,5.0,0.0
enemy_radar,3.59,21.45,27.55,10.0,27.1,5.0
enemy_sense,1.1,4.4,8.1,3.0,8.07,5.0
energizing_shot,1.33,55.67,93.67,61.0,97.0,10.0
energy_amplifier,1.44,8.0,22.11,15.0,22.19,5.0
energy_channel,1.0,16.5,11.75,7.0,11.75,3.0
energy_conversion,8.87,25.9,53.13,40.0,54.6,5.0
energy_field,1.0,45.67,26.33,4.0,26.33,3.0
energy_generator,1.08,17.25,58.0,44.0,57.89,5.0
energy_inversion,1.0,11.0,10.0,10.0,10.0,3.0
energy_siphon,6.83,20.9,22.23,7.0,23.47,5.0
energy_transfer,1.64,10.71,16.71,10.0,17.05,3.0
enhanced_durability,1.0,41.33,31.67,20.0,31.67,5.0
enhanced_vitality,1.14,10.71,29.21,18.0,28.86,10.0
enraged,1.5,7.0,21.75,19.0,21.67,3.0
entropy_burst,1.0,5.33,13.0,9.0,13.0,3.0
entropy_detonation,1.0,5.0,14.0,12.0,14.0,3.0
entropy_flight,1.33,11.67,9.5,7.0,9.33,3.0
entropy_spike,1.0,10.0,15.0,10.0,15.0,3.0
enveloping_cloud,1.0,8.12,13.88,10.0,13.88,3.0
epitaph_blueprint,17.73,5.4,7.65,3.0,7.68,0.0
epitaph_set,50.4,13.9,23.92,10.0,23.73,0.0
equilibrium,8.23,14.43,67.85,45.0,67.39,10.0
equilibrium_(steam_pinnacle_pack),1.0,3079.6,1030.2,700.0,1030.2,5.0
equilibrium_audit,1.0,12.5,22.5,10.0,22.5,5.0
equinox_prime_set,42.6,15.57,65.98,52.0,65.41,0.0
eroding_blight,1.0,21.5,16.5,8.0,16.5,3.0
escape_velocity,1.0,3.0,15.0,14.0,15.0,3.0
esher_devar,12.85,0.0,1.0,1.0,1.0,0.0
eternal_eradicate,19.87,21.5,75.35,56.0,75.69,5.0
eternal_logistics,2.65,14.15,67.06,54.0,66.76,5.0
eternal_onslaught,18.33,24.13,78.52,55.0,78.24,5.0
eternal_war,1.5,12.79,16.36,10.0,16.74,3.0
euphona_prime_set,14.63,15.4,32.8,20.0,32.93,0.0
evasive_denial,1.25,8.0,9.38,8.0,9.08,0.0
everlasting_ward,1.2,10.0,15.5,10.0,15.33,3.0
eximus_advantage,1.25,97.5,75.62,5.0,79.58,0.0
exodia_brave,1.33,41.0,54.61,29.0,53.98,3.0
exodia_contagion,35.53,26.37,83.47,60.0,82.0,3.0
exodia_epidemic,1.25,21.5,44.96,25.0,45.03,3.0
exodia_force,4.52,31.07,49.16,25.0,49.75,3.0
exodia_hunt,1.48,9.7,47.37,40.0,47.36,3.0
exodia_might,1.17,31.0,47.33,22.0,47.39,3.0
exodia_triumph,1.53,16.84,47.53,25.0,47.6,3.0
exodia_valor,1.0,53.0,44.0,20.0,44.0,3.0
exothermic,1.24,6.82,14.82,9.0,14.94,3.0
expel_corpus,1.0,7.67,8.0,3.0,8.0,5.0
expel_corrupted,1.0,45.0,38.4,15.0,38.4,5.0
expel_grineer,0.0,0.0,0.0,0.0,0.0,0.0
expel_infested,0.0,0.0,0.0,0.0,0.0,0.0
explosive_demise,1.0,0.0,200.0,200.0,200.0,5.0
explosive_legerdemain,6.07,5.78,11.07,8.0,11.9,3.0
exposing_harpoon,1.0,18.33,16.67,10.0,16.67,5.0
extend,1.0,16.0,24.0,24.0,24.0,3.0
extreme_velocity,1.45,12.09,23.09,20.0,23.39,5.0
eye_eye,10.8,2.2,2.3,1.0,2.27,0.0
faceted_tiametrite,13.0,0.33,1.0,1.0,1.0,0.0
failsafe,1.25,1.56,3.16,2.0,3.15,0.0
fang_prime_set,13.63,7.73,9.37,5.0,9.27,0.0
fanged_fusillade,1.31,3.88,19.22,15.0,19.15,5.0
fass,41.23,7.97,10.52,6.0,11.2,3.0
fast_deflection,2.0,14.0,10.0,10.0,10.0,5.0
fast_hands,1.0,20.5,14.0,10.0,14.0,5.0
fatal_acceleration,1.0,11.0,10.0,4.0,10.0,3.0
fatal_attraction,1.0,21.0,16.5,10.0,16.5,0.0
fatal_teleport,1.82,6.55,11.5,9.0,11.55,3.0
fateful_truth,1.0,27.0,27.5,25.0,27.5,0.0
feathered_arrows,1.0,125.0,25.0,25.0,25.0,0.0
felarx_blueprint,16.2,7.13,9.8,5.0,9.99,0.0
ferocity,1.0,18.33,14.0,5.0,14.0,5.0
fetch,2.96,3.89,9.81,8.0,10.05,5.0
fever_strike,1.14,8.0,8.43,1.0,8.43,5.0
fiery_phoenix,1.0,10.5,89.0,79.0,89.0,10.0
final_act,1.0,0.0,35.0,35.0,35.0,3.0
final_harbinger,1.76,11.71,15.32,5.0,15.8,3.0
final_tap,0.0,0.0,0.0,0.0,0.0,0.0
finishing_touch,1.0,5.0,15.0,15.0,15.0,3.0
fire_suppression,2.0,7.0,8.0,8.0,8.0,5.0
fireball_frenzy,1.0,21.0,10.75,8.0,10.75,3.0
fired_up,1.0,5.0,10.0,10.0,10.0,5.0
firestorm,1.93,4.6,8.97,3.0,9.13,3.0
firewalker,1.0,35.8,83.0,75.0,83.0,10.0
firewall,1.76,3.94,8.21,5.0,8.25,0.0
flagellocanth,6.62,2.08,2.38,1.0,2.38,0.0
flailing_branch,1.33,15.67,14.17,8.0,14.11,3.0
flak_shot,0.0,0.0,0.0,0.0,0.0,0.0
flame_gland,1.0,18.67,9.67,9.0,9.67,3.0
flame_repellent,0.0,0.0,0.0,0.0,0.0,0.0
flechette,0.0,0.0,0.0,0.0,0.0,0.0
fleeting_expertise,14.27,15.03,20.03,10.0,19.59,5.0
flow,3.52,6.72,6.62,2.0,7.0,5.0
flow_burn,1.5,23.83,71.08,64.0,71.44,10.0
fluctus_limbs,5.77,3.07,9.17,7.0,8.98,0.0
fluctus_set,1.68,14.21,42.0,30.0,41.88,0.0
flux_overdrive,2.5,5.25,10.25,9.0,10.25,5.0
focus_energy,2.05,3.9,13.48,8.0,13.41,3.0
focused_acceleration,0.0,0.0,0.0,0.0,0.0,0.0
focused_defense,1.0,10.0,25.0,25.0,25.0,3.0
focused_prospectus,1.0,15.0,20.0,20.0,20.0,5.0
follow_through,0.0,0.0,0.0,0.0,0.0,0.0
fomorian_accelerant,1.0,2.0,10.0,10.0,10.0,3.0
form_up,1.5,21.12,16.56,8.0,16.58,5.0
fortifying_fire,3.0,28.0,13.0,12.0,13.33,5.0
fortitude,1.73,5.33,8.17,4.0,8.09,3.0
forward_artillery,1.12,22.5,93.41,80.0,93.08,10.0
four_riders,1.27,11.93,18.9,12.0,18.67,3.0
fractalized_reset,3.77,19.27,66.72,50.0,66.97,5.0
fracturing_crush,2.09,14.87,21.57,10.0,21.87,3.0
fracturing_wind,1.0,26.0,30.0,30.0,30.0,3.0
fragor_prime_set,12.77,18.07,41.73,25.0,41.56,0.0
frail_momentum,2.0,6.46,9.23,7.0,9.64,5.0
frak_stabilizer_blueprint,1.92,5.25,6.33,2.0,6.64,0.0
freeze_force,1.0,10.0,20.0,15.0,20.0,3.0
frigid_blast,5.07,13.48,15.64,9.0,16.05,3.0
frost_jaw,1.11,10.67,11.72,5.0,11.59,3.0
frost_prime_set,26.83,21.13,98.22,83.0,97.98,0.0
frostbite,7.63,19.3,22.8,10.0,22.64,3.0
full_capacity,1.0,0.0,25.0,25.0,25.0,0.0
full_contact,1.0,18.0,10.0,7.0,10.0,5.0
fulmin_prime_set,241.82,49.71,103.5,70.0,105.76,0.0
fulmination,1.33,20.78,43.89,15.0,43.72,3.0
funnel_clouds,1.0,11.67,18.33,10.0,18.33,3.0
furax_wraith_set,8.93,3.43,13.82,10.0,13.63,0.0
furious_javelin,1.2,4.3,12.0,9.0,12.07,3.0
furor,0.0,0.0,0.0,0.0,0.0,0.0
fury,1.0,10.5,12.0,9.0,12.0,5.0
fused_reservoir,14.77,14.96,16.21,10.0,16.59,3.0
gaias_tragedy,1.0,6.0,9.67,9.0,9.67,3.0
galatine_prime_set,10.03,12.3,48.25,32.0,47.81,0.0
gale_kick,1.0,31.0,27.6,9.0,27.6,3.0
galeforce_dawn,1.56,5.81,10.94,5.0,11.08,3.0
galvanized_acceleration,5.9,11.17,79.6,68.0,79.31,10.0
galvanized_aptitude,14.0,21.7,79.07,56.0,78.66,10.0
galvanized_chamber,24.5,20.5,76.48,60.0,76.09,10.0
galvanized_crosshairs,4.5,15.8,79.25,66.0,78.37,10.0
galvanized_diffusion,12.4,17.97,78.9,55.0,78.41,10.0
galvanized_hell,16.83,21.8,77.82,61.0,76.83,10.0
galvanized_savvy,10.03,18.4,79.28,60.0,78.47,10.0
galvanized_scope,7.4,17.9,79.72,58.0,78.57,10.0
galvanized_shot,10.37,20.47,80.22,61.0,79.94,10.0
gamma_beacon,3.83,68.0,33.0,8.0,33.0,0.0
gara_prime_set,51.87,12.63,43.38,30.0,43.31,0.0
garmr_core_blueprint,1.6,2.5,5.85,5.0,5.9,0.0
garuda_prime_set,94.43,25.57,40.43,30.0,41.77,0.0
gemini_cross,3.2,7.6,9.9,5.0,9.93,3.0
ghost,1.0,0.0,9.0,9.0,9.0,5.0
ghoulsaw_blueprint,1.0,14.0,20.0,20.0,20.0,0.0
ghoulsaw_set,1.74,10.74,12.26,3.0,12.57,0.0
gilded_truth,1.0,10.5,12.0,10.0,12.0,3.0
glacial_edge,1.0,19.0,14.0,14.0,14.0,5.0
gladiator_aegis,1.37,4.0,10.21,5.0,10.25,5.0
gladiator_finesse,1.82,6.86,12.23,5.0,12.3,5.0
gladiator_might,11.37,10.73,22.37,12.0,22.23,5.0
gladiator_resolve,3.04,11.26,14.57,5.0,14.58,5.0
gladiator_rush,1.4,2.8,9.4,6.0,9.31,5.0
gladiator_vice,2.83,5.52,17.76,14.0,17.85,5.0
glaive_prime_set,50.17,40.77,343.82,295.0,343.36,0.0
glappid,6.55,2.45,2.9,2.0,2.9,0.0
glaxion_vandal,3.66,23.07,79.34,60.0,79.08,0.0
gleaming_blight,1.0,15.0,10.0,9.0,10.0,3.0
gleaming_talon,2.93,13.52,19.52,10.0,19.74,3.0
glutinox,6.88,2.69,3.12,2.0,3.1,0.0
gnashing_payara,1.0,5.0,7.5,5.0,7.5,3.0
goblite_tears,12.71,0.0,1.0,1.0,1.0,0.0
goopolla,6.5,5.5,1.0,1.0,1.0,0.0
gorgon_frenzy,1.0,0.0,15.0,15.0,15.0,3.0
gorgon_wraith_set,14.83,10.83,9.93,2.0,10.53,0.0
gourmand,1.0,5.0,13.0,10.0,13.0,3.0
gram_prime_set,16.8,10.6,29.12,17.0,28.14,0.0
granums_nemesis,0.0,0.0,0.0,0.0,0.0,0.0
greedy_pull,2.48,7.04,14.78,10.0,14.8,3.0
grendel_chassis_locator,2.13,7.78,18.91,10.0,18.72,0.0
grendel_neuroptics_locator,2.11,6.95,17.84,10.0,18.0,0.0
grendel_systems_locator,2.05,6.95,19.08,12.0,18.95,0.0
grim_fury,0.0,0.0,0.0,0.0,0.0,0.0
grinloked,0.0,0.0,0.0,0.0,0.0,0.0
growing_power,16.63,17.33,34.23,25.0,34.68,5.0
guandao_prime_set,25.97,17.7,48.98,25.0,47.74,0.0
guardian,0.0,0.0,0.0,0.0,0.0,0.0
guardian_derision,1.0,3.5,10.0,10.0,10.0,5.0
guided_effigy,1.0,8.5,14.0,9.0,14.0,3.0
guided_ordnance,0.0,0.0,0.0,0.0,0.0,0.0
gun_glide,0.0,0.0,0.0,0.0,0.0,0.0
gunsen_prime_set,110.88,68.24,125.12,85.0,130.98,0.0
gunslinger,1.0,5.0,12.5,10.0,12.5,5.0
haav,3.0,2996.0,4.0,4.0,4.0,0.0
halikar_wraith,11.31,23.76,45.26,30.0,44.75,0.0
hall_of_malevolence,2.41,7.77,13.34,8.0,13.26,3.0
hallowed_eruption,1.5,10.0,18.5,10.0,18.5,3.0
hallowed_reckoning,1.0,12.5,23.0,20.0,23.0,3.0
hammer_shot,13.4,21.47,74.07,56.0,73.14,3.0
handspring,1.6,5.33,10.2,4.0,10.09,3.0
hard_engage,1.0,185.0,200.0,200.0,200.0,0.0
hard_reset,4.79,6.07,11.8,7.0,11.93,0.0
harkonar_scope,1.0,28.0,17.0,17.0,17.0,5.0
harrow_prime_set,107.3,18.43,23.98,1.0,24.52,0.0
hastened_deflection,1.0,19.44,27.22,20.0,27.22,5.0
hastened_steps,0.0,0.0,0.0,0.0,0.0,0.0
hata_satya,2.0,8.65,26.44,19.0,26.2,5.0
hawk_eye,0.0,0.0,0.0,0.0,0.0,0.0
healing_flame,1.0,11.0,13.75,10.0,13.75,3.0
healing_return,1.76,16.53,90.12,75.0,90.16,10.0
health_conversion,3.27,22.17,57.92,45.0,57.96,5.0
heart_noctrul,10.4,0.1,1.1,1.0,1.1,0.0
heart_nyth,33.37,1.4,1.97,1.0,1.77,0.0
heartseeker,0.0,0.0,0.0,0.0,0.0,0.0
hearty_nourishment,1.0,11.0,16.0,10.0,16.0,3.0
heated_charge,1.0,11.75,14.5,9.0,14.5,5.0
heavy_caliber,11.53,20.17,78.6,55.0,77.92,10.0
heavy_impact,1.0,13.0,10.0,10.0,10.0,5.0
heavy_trauma,2.0,4.5,8.0,6.0,8.0,5.0
hec_hound_blueprint,1.94,3.17,8.89,5.0,8.76,0.0
heightened_reflexes,1.0,0.0,25.0,25.0,25.0,3.0
helios_prime_set,32.53,19.67,45.98,26.0,45.86,0.0
hellfire,1.38,5.69,11.54,6.0,11.67,5.0
hells_chamber,1.57,4.76,7.07,2.0,7.11,5.0
hemorrhage,3.29,12.29,19.98,10.0,20.1,5.0
hespar_set,1.96,33.44,189.78,150.0,188.14,0.0
hexis_arm_plates,1.0,92.5,97.5,45.0,97.5,0.0
hexis_armor_set,1.7,22.6,45.75,30.0,45.8,0.0
hexis_chest_plate,0.0,0.0,0.0,0.0,0.0,0.0
hexis_spurs,1.0,35.0,45.0,45.0,45.0,0.0
high_noon,3.64,6.14,12.89,8.0,12.9,3.0
high_voltage,5.77,19.07,47.83,25.0,47.73,3.0
hikou_prime_set,10.53,18.57,53.72,33.0,53.32,0.0
hikou_prime_stars,13.77,5.43,7.47,3.0,7.54,0.0
hildryn_prime_set,110.3,7.83,47.2,38.0,46.62,0.0
hinta_stabilizer,1.92,6.67,8.08,5.0,7.83,0.0
hit_and_run,1.38,2.75,5.12,4.0,5.12,0.0
hollow_point,1.36,7.27,10.59,5.0,10.73,5.0
hollowed_bullets,3.19,12.22,16.15,9.0,16.36,3.0
homing_fang,1.0,6.0,11.5,8.0,11.5,3.0
hornet_strike,3.04,8.68,53.42,45.0,53.6,10.0
howl,1.0,18.33,21.67,15.0,21.67,5.0
hunt,1.0,12.0,8.0,8.0,8.0,5.0
hunter_adrenaline,4.0,5.92,11.79,5.0,12.06,5.0
hunter_command,1.38,8.88,15.31,8.0,15.0,5.0
hunter_munitions,14.07,9.93,17.65,8.0,17.61,5.0
hunter_recovery,1.67,9.58,12.33,6.0,12.61,5.0
hunter_synergy,1.38,7.12,14.88,10.0,14.96,5.0
hunter_track,1.17,8.67,13.58,9.0,13.67,5.0
hunters_bonesaw,1.75,1.5,4.88,4.0,4.83,0.0
huras_kubrow_imprint,8.93,8.53,16.33,10.0,16.58,0.0
hush,1.0,10.2,8.4,5.0,8.4,3.0
hushed_invisibility,1.33,13.11,15.22,10.0,15.3,3.0
hydraulic_chamber,1.0,0.0,9.0,9.0,9.0,0.0
hydraulic_crosshairs,1.0,10.0,20.0,20.0,20.0,5.0
hydraulic_gauge,0.0,0.0,0.0,0.0,0.0,0.0
hydroid_prime_set,23.8,26.33,105.88,87.0,104.62,0.0
hyperion_thrusters,2.58,11.54,90.23,80.0,90.17,10.0
hyperstrike,1.09,1.82,8.27,6.0,8.27,5.0
hypothermic_shell,1.67,8.0,14.75,8.0,15.11,3.0
hysterical_assault,2.5,7.0,19.0,18.0,19.0,3.0
hysterical_fixation,0.0,0.0,0.0,0.0,0.0,0.0
hystrix_prime_set,27.2,11.1,16.6,9.0,16.92,0.0
iatric_mycelium,0.0,0.0,0.0,0.0,0.0,0.0
ice_spring,1.0,49.0,65.0,60.0,65.0,10.0
ice_storm,1.21,7.0,6.25,1.0,6.17,3.0
ice_wave_impedance,1.0,11.67,20.0,15.0,20.0,3.0
icy_avalanche,1.7,15.5,17.1,10.0,16.93,3.0
immolated_radiance,0.0,0.0,0.0,0.0,0.0,0.0
impaler_munitions,0.0,0.0,0.0,0.0,0.0,0.0
impenetrable_offense,0.0,0.0,0.0,0.0,0.0,0.0
imperator_vandal_set,10.47,18.53,32.63,21.0,33.37,0.0
inaak,1.0,6.0,9.0,9.0,9.0,0.0
inaros_prime_set,40.73,20.27,39.53,25.0,39.67,0.0
incendiary_coat,1.17,4.83,15.0,10.0,15.0,5.0
indomitable_matrix,1.0,0.0,30.0,30.0,30.0,5.0
inertia_dampeners,1.6,7.2,20.4,15.0,20.07,3.0
infected_clip,1.25,1.88,8.56,8.0,8.54,5.0
infectious_bite,0.0,0.0,0.0,0.0,0.0,0.0
infectious_injection,1.3,12.5,15.35,10.0,14.8,3.0
infested_impedance,1.0,3.67,19.67,19.0,19.67,5.0
infiltrate,1.55,9.09,14.64,9.0,14.61,3.0
innodem_blueprint,3.71,3.11,8.98,6.0,9.0,0.0
insatiable,1.5,6.89,13.92,9.0,13.89,3.0
insulation,1.0,0.0,5.0,5.0,5.0,5.0
intensify,3.22,6.22,9.65,4.0,9.83,5.0
internal_bleeding,9.46,18.89,23.95,6.0,23.46,5.0
intrepid_stand,10.35,18.29,23.15,10.0,23.53,3.0
intruder,5.0,4.0,3.0,1.0,3.0,0.0
intruder_stasis,0.0,0.0,0.0,0.0,0.0,0.0
investigator,1.0,12.75,19.25,12.0,19.25,5.0
ion_burn,1.14,6.29,10.14,6.0,10.19,5.0
ion_infusion,1.67,11.17,13.0,9.0,13.5,3.0
iron_phoenix,1.33,8.11,6.0,2.0,6.04,3.0
iron_shrapnel,1.6,14.55,16.9,8.0,17.63,3.0
ironclad_charge,1.76,12.0,15.74,10.0,15.76,3.0
ironclad_flight,1.67,7.67,13.17,10.0,13.44,3.0
ironclad_matrix,1.5,7.0,14.25,10.0,14.14,5.0
irradiating_disarm,1.2,11.2,15.7,10.0,15.2,3.0
itzal_harness,0.0,0.0,0.0,0.0,0.0,0.0
itzal_set,1.88,13.17,32.56,20.0,32.68,0.0
itzal_wings,1.0,5.0,15.0,15.0,15.0,0.0
ivara_prime_set,59.53,22.07,58.95,30.0,58.3,0.0
jagged_edge,1.3,6.6,10.4,7.0,10.57,5.0
jahu,37.17,8.03,10.75,5.0,11.02,3.0
jet_stream,1.0,9.6,19.0,15.0,19.0,3.0
jolt,6.47,22.6,62.92,50.0,63.1,3.0
jugulus_barbs,1.0,19.5,17.25,10.0,17.25,5.0
jugulus_spines,1.17,12.5,31.67,25.0,31.67,5.0
juice,0.0,0.0,0.0,0.0,0.0,0.0
justice_blades,1.0,3.0,7.0,7.0,7.0,3.0
kappa_beacon,3.5,26.33,15.83,10.0,15.83,0.0
karak_wraith_set,4.26,18.33,54.65,41.0,54.62,0.0
karkina,6.0,5.0,1.0,1.0,1.0,0.0
karyst_prime_set,10.57,8.3,19.62,11.0,19.39,0.0
kaszas_set,2.58,20.42,21.0,10.0,21.88,0.0
kavasa_prime_band,2.38,3.27,6.19,4.0,6.32,0.0
kavasa_prime_buckle,3.04,9.96,15.24,7.0,15.51,0.0
kavasa_prime_kubrow_collar_blueprint,2.15,4.65,5.0,3.0,5.27,0.0
kavasa_prime_kubrow_collar_set,2.07,2.44,24.76,23.0,24.72,0.0
kavats_grace,1.29,26.07,38.93,20.0,39.26,3.0
khora_prime_set,125.73,27.87,47.23,31.0,48.14,0.0
khra,38.03,7.7,10.73,1.0,11.16,3.0
khut_khut,0.0,0.0,0.0,0.0,0.0,0.0
kill_switch,3.0,35.0,9.0,9.0,9.0,0.0
killing_blow,2.6,3.2,9.68,5.0,9.55,5.0
kinetic_collision,0.0,0.0,0.0,0.0,0.0,0.0
kinetic_diversion,1.5,17.25,17.12,7.0,17.33,3.0
kinetic_friction,1.0,0.0,15.0,15.0,15.0,3.0
kinetic_ricochet,1.0,7.33,9.67,4.0,9.67,5.0
kitgun_riven_mod_(veiled),11.78,1.24,1.06,1.0,1.2,0.0
knell_prime_set,34.97,16.6,15.0,10.0,16.51,0.0
kogake_prime_boot,21.1,4.93,5.62,3.0,5.79,0.0
kogake_prime_gauntlet,34.67,10.37,19.1,10.0,18.68,0.0
kogake_prime_set,10.8,18.93,67.82,50.0,67.58,0.0
kriller,9.15,1.62,1.88,1.0,1.85,0.0
kronen_prime_set,20.37,23.07,92.55,80.0,92.68,0.0
kymaeros,22.0,4.0,2.0,2.0,2.0,0.0
laetum_blueprint,4.3,3.83,6.27,5.0,6.49,0.0
lapis_antitoxin,0.0,0.0,0.0,0.0,0.0,0.0
larkspur_prime_set,37.3,12.23,33.47,20.0,33.53,0.0
larva_burst,1.09,8.0,14.05,10.0,14.12,3.0
laser_sight,1.12,13.75,17.38,10.0,17.38,5.0
lashing_coil,1.0,22.0,25.0,25.0,25.0,0.0
last_herald,1.0,22.0,25.0,25.0,25.0,0.0
lasting_covenant,1.11,5.78,12.56,9.0,12.44,3.0
lasting_purity,1.0,9.0,20.0,15.0,20.0,3.0
lasting_sting,1.17,17.5,36.67,35.0,36.67,10.0
lato_vandal_set,7.25,84.86,305.25,250.0,305.24,0.0
latron_prime_set,30.3,27.73,102.95,75.0,102.48,0.0
latron_wraith_set,5.14,37.38,80.78,50.0,82.1,0.0
legendary_fusion_core,35.13,43.07,118.97,83.0,118.33,0.0
lethal_momentum,1.15,8.23,13.77,10.0,13.87,3.0
lethal_torrent,13.57,19.4,23.13,11.0,23.08,5.0
lex_prime_set,26.53,4.87,8.23,4.0,8.21,0.0
lie_in_wait,0.0,0.0,0.0,0.0,0.0,0.0
life_strike,1.36,7.0,9.45,3.0,9.36,3.0
lightning_dash,1.5,37.5,78.75,75.0,79.17,10.0
lightning_rod,1.0,0.0,10.0,10.0,10.0,5.0
limbo_prime_set,31.2,17.47,97.32,80.0,96.64,0.0
lingering_torment,0.0,0.0,0.0,0.0,0.0,0.0
link_armor,2.1,13.48,65.14,55.0,65.62,10.0
link_health,3.5,15.85,62.98,50.0,62.35,10.0
link_shields,1.44,10.5,63.62,59.0,63.85,10.0
live_wire,1.17,1.5,4.62,3.0,4.64,0.0
loaded_capacity,0.0,0.0,0.0,0.0,0.0,0.0
lobotriscid,17.12,0.12,1.0,1.0,1.0,0.0
lock_and_load,1.0,12.0,6.0,3.0,6.0,3.0
lohk,40.43,9.23,10.3,4.0,10.88,3.0
lokan_arm_plates,0.0,0.0,0.0,0.0,0.0,0.0
lokan_armor_set,1.5,15.0,29.5,25.0,30.17,0.0
lokan_chest_piece,0.0,0.0,0.0,0.0,0.0,0.0
lokan_knee_spurs,0.0,0.0,0.0,0.0,0.0,0.0
loki_prime_set,20.93,24.93,92.82,80.0,93.67,0.0
longbow_sharpshot,2.29,242.79,549.48,350.0,541.81,5.0
longwinder,7.53,1.72,2.5,1.0,2.48,0.0
loose_chamber,0.0,0.0,0.0,0.0,0.0,0.0
loose_hatch,0.0,0.0,0.0,0.0,0.0,0.0
loose_magazine,0.0,0.0,0.0,0.0,0.0,0.0
loot_detector,3.17,18.55,24.59,14.0,24.45,5.0
looter,1.29,16.29,53.75,45.0,53.76,5.0
low_current_leap,0.0,0.0,0.0,0.0,0.0,0.0
loyal_companion,0.0,0.0,0.0,0.0,0.0,0.0
lua_lens_blueprint,10.36,3.82,8.14,4.0,8.02,0.0
lua_madurai_lens,10.07,18.7,38.4,25.0,38.39,0.0
lua_naramon_lens,7.8,17.37,22.88,10.0,23.23,0.0
lua_unairu_lens,7.43,17.57,22.52,12.0,22.91,0.0
lua_vazarin_lens,6.45,15.24,22.48,10.0,22.56,0.0
lua_zenurik_lens,9.2,13.3,39.22,24.0,38.69,0.0
lucky_shot,1.0,0.0,25.0,25.0,25.0,0.0
mach_crash,1.53,13.82,16.12,10.0,16.06,3.0
machete_wraith,6.61,33.48,60.78,30.0,61.81,0.0
mad_stack,1.0,7.0,20.0,20.0,20.0,5.0
madurai_lens,6.24,3.38,4.34,1.0,4.34,0.0
madurai_transmute_core,7.0,7.0,3.0,3.0,3.0,0.0
mafic_rain,1.0,22.0,25.0,25.0,25.0,0.0
mag_locks,1.17,21.67,25.5,20.0,25.5,5.0
mag_prime_set,25.07,19.67,109.33,97.0,109.34,0.0
magazine_extension,2.0,1.0,19.5,19.0,19.33,5.0
magazine_warp,0.0,0.0,0.0,0.0,0.0,0.0
maglev,0.0,0.0,0.0,0.0,0.0,0.0
magma_chamber,1.4,6.8,16.07,10.0,15.96,3.0
magnetized_discharge,1.33,10.33,17.0,8.0,16.78,3.0
magnum_force,3.33,14.63,77.52,65.0,77.14,10.0
magnus_prime_set,19.33,11.7,14.95,1.0,15.01,0.0
magus_accelerant,1.0,40.0,172.56,130.0,172.56,5.0
magus_aggress,1.57,126.43,219.82,150.0,217.83,5.0
magus_anomaly,13.17,38.73,132.57,100.0,131.67,5.0
magus_cadence,1.18,21.45,40.77,25.0,40.7,5.0
magus_cloud,4.24,11.24,29.47,20.0,29.34,5.0
magus_destruct,1.5,100.0,125.0,85.0,122.5,5.0
magus_drive,1.0,45.89,171.56,140.0,171.56,5.0
magus_elevate,8.66,11.76,27.4,15.0,26.68,5.0
magus_firewall,1.0,62.0,169.0,125.0,169.0,5.0
magus_glitch,1.56,55.56,151.61,110.0,151.33,5.0
magus_husk,2.0,12.18,29.15,20.0,29.67,5.0
magus_lockdown,22.13,34.93,108.0,80.0,108.12,5.0
magus_melt,6.33,21.03,108.42,90.0,108.14,5.0
magus_nourish,1.92,11.96,27.44,15.0,27.89,5.0
magus_overload,1.25,47.5,159.12,130.0,158.92,5.0
magus_repair,13.37,31.37,113.07,90.0,113.63,5.0
magus_replenish,1.65,27.59,35.62,11.0,35.61,5.0
magus_revert,1.25,123.75,131.25,80.0,128.75,5.0
magus_vigor,2.92,6.23,16.96,10.0,17.12,5.0
maim,1.42,15.08,16.67,5.0,16.69,5.0
maiming_strike,1.0,7.67,12.17,8.0,12.17,5.0
malicious_code,1.7,2.95,7.78,5.0,7.77,0.0
malicious_raptor,2.0,13.0,15.75,9.0,15.63,3.0
malignant_force,6.6,8.1,10.12,4.0,10.21,3.0
mantis_avionics,6.1,2.43,4.13,2.0,3.98,0.0
mantis_engines,7.43,6.03,4.98,2.0,5.46,0.0
mantis_fuselage,8.03,5.27,9.62,4.0,9.52,0.0
mantis_set,7.0,7.55,19.78,10.0,19.57,0.0
mara_detron,9.93,20.89,42.96,30.0,43.83,0.0
mark_of_the_beast,1.67,54.0,53.33,13.0,51.44,5.0
marked_target,1.6,16.1,25.35,14.0,25.63,5.0
marquise_thyst,46.37,1.9,1.98,1.0,1.92,0.0
marquise_veridos,21.27,0.55,1.0,1.0,1.06,0.0
martial_fury,0.0,0.0,0.0,0.0,0.0,0.0
martyr_symbiosis,3.48,11.88,17.88,10.0,18.2,3.0
master_thief,1.67,6.0,4.67,4.0,4.67,3.0
maul,1.94,13.88,66.79,50.0,66.29,10.0
mawfish,0.0,0.0,0.0,0.0,0.0,0.0
maximum_capacity,1.0,0.0,20.0,20.0,20.0,0.0
measured_burst,1.0,11.5,16.5,15.0,16.5,0.0
mecha_empowered,1.88,11.16,13.94,3.0,14.25,5.0
mecha_overdrive,1.5,23.94,22.31,8.0,23.06,5.0
mecha_pulse,1.44,4.75,11.19,4.0,11.27,3.0
mecha_recharge,1.71,9.93,16.86,10.0,17.26,5.0
medi_pet_kit,1.0,4.2,10.0,8.0,10.0,5.0
medi_ray,1.5,16.83,16.83,7.0,16.83,5.0
medjay_predasite_imprint,1.8,27.5,27.5,10.0,27.17,0.0
melee_guidance,1.95,5.3,14.62,9.0,14.73,5.0
melee_prowess,1.0,3.0,12.0,12.0,12.0,5.0
melee_riven_mod_(veiled),147.3,10.72,22.21,10.0,22.01,0.0
mending_shot,1.25,1.88,98.75,90.0,98.75,10.0
mending_splinters,1.0,7.33,15.67,12.0,15.67,3.0
meridian_arm_spurs,0.0,0.0,0.0,0.0,0.0,0.0
meridian_armor_set,1.0,10.0,30.0,30.0,30.0,0.0
meridian_chest_plate,0.0,0.0,0.0,0.0,0.0,0.0
meridian_leg_spurs,0.0,0.0,0.0,0.0,0.0,0.0
merulina_guardian,1.5,13.11,23.78,10.0,23.54,3.0
mesa_prime_set,85.77,15.27,92.0,80.0,92.02,0.0
mesas_waltz,2.74,7.7,12.5,6.0,12.44,3.0
mesmer_shield,3.64,8.68,14.62,8.0,14.84,3.0
metal_auger,1.25,7.5,8.5,5.0,8.5,5.0
metal_fiber,1.25,25.0,40.62,20.0,40.0,10.0
metamorphic_magazine,1.14,219.29,182.5,70.0,180.71,5.0
meteor_crash,0.0,0.0,0.0,0.0,0.0,0.0
meteor_munitions,0.0,0.0,0.0,0.0,0.0,0.0
meticulous_aim,1.0,35.0,21.5,13.0,21.5,5.0
mind_freak,0.0,0.0,0.0,0.0,0.0,0.0
mirage_prime_set,63.93,26.37,59.78,1.0,58.94,0.0
mirewinder,6.29,1.43,2.57,2.0,2.57,0.0
mischief,1.0,3.8,8.4,6.0,8.4,3.0
mobilize,1.0,3.57,2.43,1.0,2.43,0.0
modified_munitions,1.0,17.0,19.0,19.0,19.0,5.0
molecular_fission,1.75,10.85,15.92,9.0,15.95,3.0
molt_augmented,103.03,40.23,129.58,105.0,130.67,5.0
molt_efficiency,30.53,42.1,117.72,8.0,115.91,5.0
molt_reconstruct,19.63,29.8,134.02,110.0,132.77,5.0
molt_vigor,24.73,43.77,85.12,50.0,85.87,5.0
molten_impact,1.0,12.0,9.0,8.0,9.0,5.0
momentary_pause,0.0,0.0,0.0,0.0,0.0,0.0
morgha_set,1.4,27.5,191.4,150.0,188.17,0.0
morphic_transformer,1.12,6.75,9.81,4.0,10.0,3.0
mortal_conduct,0.0,0.0,0.0,0.0,0.0,0.0
mortus_lungfish,5.43,4.43,3.0,1.0,3.0,0.0
motus_impact,2.25,6.75,9.88,9.0,9.83,3.0
motus_setup,1.17,7.83,15.25,12.0,15.06,3.0
motus_signal,1.0,9.0,9.0,9.0,9.0,3.0
mountains_edge,1.0,18.33,25.0,20.0,25.0,3.0
munitions_vortex,1.0,18.5,10.5,7.0,10.5,5.0
murkray,9.04,1.84,2.14,1.0,2.15,0.0
mutalist_nav_coordinates,6.47,3.23,8.53,5.0,8.31,0.0
muzzle_flash,1.46,11.08,14.27,5.0,14.28,3.0
myxostomata,6.07,3.87,5.17,3.0,5.27,0.0
nagantaka_prime_set,36.0,13.67,19.07,13.0,19.2,0.0
namaes,0.0,0.0,0.0,0.0,0.0,0.0
nami_skyla_prime_set,6.93,20.57,126.97,100.0,127.12,0.0
nano_applicator,1.0,11.6,10.4,5.0,10.4,5.0
napalm_grenades,1.33,43.22,50.89,20.0,52.04,5.0
naramon_lens,5.52,2.44,3.84,2.0,3.85,0.0
naramon_transmute_core,2.0,7.0,6.5,3.0,7.67,0.0
narrow_minded,16.27,23.43,79.97,60.0,79.23,10.0
natural_talent,9.4,14.37,17.3,8.0,16.82,3.0
nautilus_blueprint,6.77,8.17,14.27,8.0,14.2,0.0
nautilus_set,2.93,34.79,74.23,50.0,73.6,0.0
nebula_bore,1.0,10.0,30.0,30.0,30.0,5.0
necramech_augur,1.3,17.0,23.0,15.0,22.67,5.0
necramech_aviator,1.0,10.0,16.67,10.0,16.67,3.0
necramech_blitz,1.0,3.0,10.0,10.0,10.0,3.0
necramech_continuity,1.95,25.71,30.79,10.0,31.13,5.0
necramech_deflection,1.21,16.43,20.07,5.0,20.07,5.0
necramech_drift,1.0,16.5,18.5,5.0,18.5,5.0
necramech_efficiency,1.5,15.88,13.44,5.0,13.12,5.0
necramech_enemy_sense,1.0,5.75,13.12,10.0,13.12,5.0
necramech_flow,3.0,7.46,16.71,8.0,17.04,5.0
necramech_friction,1.0,30.0,15.0,10.0,15.0,5.0
necramech_fury,0.0,0.0,0.0,0.0,0.0,0.0
necramech_hydraulics,1.5,11.25,20.62,10.0,20.83,3.0
necramech_intensify,2.36,6.68,16.64,10.0,16.81,5.0
necramech_pressure_point,1.17,19.83,21.92,8.0,21.72,5.0
necramech_rage,2.43,16.57,39.67,30.0,39.87,5.0
necramech_reach,0.0,0.0,0.0,0.0,0.0,0.0
necramech_rebuke,1.33,16.5,18.0,9.0,19.22,3.0
necramech_redirection,1.78,29.11,55.47,25.0,55.56,10.0
necramech_refuel,1.29,14.57,15.14,9.0,14.76,3.0
necramech_repair,2.24,14.48,59.46,24.0,59.31,3.0
necramech_seismic_wave,0.0,0.0,0.0,0.0,0.0,0.0
necramech_slipstream,0.0,0.0,0.0,0.0,0.0,0.0
necramech_steel_fiber,1.83,29.43,33.33,15.0,33.65,5.0
necramech_streamline,1.92,10.46,18.4,5.0,17.61,5.0
necramech_stretch,1.5,6.0,13.17,10.0,13.17,5.0
necramech_thrusters,2.05,18.79,19.89,10.0,20.44,3.0
necramech_vitality,2.2,9.47,14.37,10.0,14.36,5.0
negate,1.39,10.78,52.69,45.0,52.74,5.0
negation_swarm,1.17,7.33,13.25,10.0,13.17,3.0
nekros_prime_set,50.27,19.1,99.3,80.0,98.77,0.0
netra,40.47,7.97,10.53,2.0,10.86,3.0
neutralize,0.0,0.0,0.0,0.0,0.0,0.0
neutralizing_justice,1.0,15.0,18.33,10.0,18.33,3.0
neutron_star,1.2,7.2,13.65,10.0,13.5,3.0
new_loka_augment_mod,1.0,7.0,9.0,8.0,9.0,0.0
nezha_prime_set,40.9,16.4,60.73,45.0,60.03,0.0
nidus_prime_set,80.73,42.3,49.77,5.0,52.26,0.0
night_stalker,0.0,0.0,0.0,0.0,0.0,0.0
nightwatch_napalm,3.04,12.65,25.12,15.0,25.67,5.0
nikana_prime_set,26.7,21.53,109.13,90.0,108.23,0.0
ninkondi_prime_set,10.5,14.87,55.53,40.0,55.16,0.0
niras_anguish,1.12,9.88,17.25,10.0,17.25,5.0
niras_contempt,1.57,14.43,20.07,11.0,20.19,5.0
niras_hatred,2.24,17.08,20.58,8.0,20.64,5.0
nitro_boost,1.2,14.3,24.0,18.0,24.0,5.0
no_current_leap,0.0,0.0,0.0,0.0,0.0,0.0
no_return,0.0,0.0,0.0,0.0,0.0,0.0
noble_cadence,0.0,0.0,0.0,0.0,0.0,0.0
norg,5.93,2.05,2.49,1.0,2.45,0.0
north_wind,1.0,12.25,8.25,5.0,8.25,5.0
nova_prime_set,31.53,20.4,85.42,70.0,85.07,0.0
null_audit,1.33,41.0,45.83,35.0,46.11,5.0
nyx_prime_set,28.83,20.27,64.67,45.0,64.63,0.0
oberon_prime_set,26.3,23.2,59.32,45.0,59.58,0.0
octavia_prime_set,77.73,16.77,72.5,60.0,72.07,0.0
odomedic,0.0,0.0,0.0,0.0,0.0,0.0
odonata_prime_set,9.9,8.67,39.28,30.0,38.74,0.0
omega_beacon,4.86,98.57,50.0,10.0,50.0,0.0
onorix_set,2.08,11.38,29.29,15.0,29.32,0.0
onslaught_matrix,1.0,3.33,10.67,9.0,10.67,5.0
opticor_vandal,1.86,31.36,82.82,51.0,82.47,0.0
ordnance_cheap_shot,1.69,30.08,31.15,12.0,31.82,5.0
ordnance_velocity,1.5,40.0,32.5,1.0,32.5,5.0
ore_gaze,1.17,7.17,14.75,10.0,14.5,3.0
organ_shatter,1.5,4.83,7.29,4.0,7.36,5.0
orgone_tuning_matrix,1.33,13.33,11.0,10.0,10.89,5.0
orthos_prime_set,34.37,7.03,12.43,8.0,12.33,0.0
orvius_disc,3.89,0.21,1.03,1.0,1.04,0.0
ostimyr,1.5,3.25,3.5,2.0,3.5,0.0
ostron_arm_guards,0.0,0.0,0.0,0.0,0.0,0.0
ostron_armor_set,1.0,49.0,60.0,60.0,60.0,0.0
ostron_leg_guards,0.0,0.0,0.0,0.0,0.0,0.0
oull,41.87,7.67,18.73,10.0,18.21,3.0
out_of_sight,2.48,4.93,5.9,3.0,6.1,0.0
overcharge_detectors,0.0,0.0,0.0,0.0,0.0,0.0
overcharged,0.0,0.0,0.0,0.0,0.0,0.0
overextended,14.6,15.07,22.18,10.0,21.92,5.0
overloader,0.0,0.0,0.0,0.0,0.0,0.0
overview,1.0,6.0,8.0,5.0,8.0,0.0
pacifying_bolts,1.0,10.0,15.0,10.0,15.0,3.0
pack_leader,1.0,5.3,8.8,3.0,8.8,5.0
pain_threshold,1.0,9.2,11.0,5.0,11.0,3.0
pandero_prime_set,11.93,12.57,24.25,12.0,24.07,0.0
pangolin_prime_set,12.37,13.17,23.88,11.0,23.99,0.0
panthera_prime_set,12.27,16.2,30.85,18.0,30.62,0.0
panzer_devolution,1.33,8.33,20.83,14.0,20.81,3.0
panzer_vulpaphyla_imprint,9.8,23.97,28.15,10.0,28.39,0.0
parallax_avionics,11.37,2.7,4.22,2.0,4.24,0.0
parallax_engines,9.67,2.4,4.08,2.0,4.11,0.0
parallax_fuselage,10.97,3.1,4.23,2.0,4.3,0.0
parallax_scope,1.0,5.0,9.0,8.0,9.0,3.0
parallax_set,27.13,11.97,10.02,5.0,10.87,0.0
paralytic_spores,1.0,0.0,20.0,20.0,20.0,0.0
paris_prime_set,22.0,10.27,9.87,5.0,10.07,0.0
parry,0.0,0.0,0.0,0.0,0.0,0.0
particle_ram,1.17,8.33,101.33,99.0,101.33,10.0
partitioned_mallet,1.14,7.14,14.07,10.0,14.1,3.0
patagium,1.0,15.0,14.33,9.0,14.33,5.0
path_of_statues,1.14,15.0,12.5,5.0,12.52,3.0
pathocyst_blueprint,7.5,3.23,4.42,3.0,4.35,0.0
pathocyst_set,5.93,31.9,41.09,15.0,41.43,0.0
pathocyst_subcortex,9.39,5.64,5.48,2.0,5.71,0.0
pathogen_rounds,2.14,13.23,20.5,9.0,20.39,5.0
pax_bolt,1.83,9.96,27.13,17.0,27.23,3.0
pax_charge,7.57,10.73,30.8,20.0,31.42,3.0
pax_seeker,2.89,15.52,33.37,22.0,33.16,3.0
pax_soar,1.4,10.6,28.9,23.0,29.07,3.0
peaceful_provocation,1.2,9.4,17.5,10.0,17.67,3.0
peculiar_audience,1.08,5.77,13.5,9.0,13.56,5.0
peculiar_bloom,1.2,23.8,31.1,15.0,31.4,5.0
peculiar_growth,1.2,19.4,20.45,10.0,20.7,5.0
pennant_blueprint,15.47,12.73,19.58,10.0,19.57,0.0
perfect_balance,0.0,0.0,0.0,0.0,0.0,0.0
perigale_set,7.63,6.3,12.58,8.0,12.66,0.0
perpetual_agony,1.0,50.0,39.5,19.0,39.5,5.0
perrin_arm_guards,0.0,0.0,0.0,0.0,0.0,0.0
perrin_armor_set,1.5,15.0,31.25,25.0,30.83,0.0
perrin_chest_piece,0.0,0.0,0.0,0.0,0.0,0.0
perrin_leg_guards,0.0,0.0,0.0,0.0,0.0,0.0
phaedra_set,1.64,38.71,50.04,30.0,49.86,0.0
phantasma_prime_set,57.27,14.07,39.57,25.0,39.31,0.0
pharaoh_predasite_imprint,2.0,12.0,25.0,15.0,25.0,0.0
phenmor_blueprint,7.47,3.0,8.97,7.0,8.83,0.0
phoenix_blaze,1.0,7.5,12.5,5.0,12.5,0.0
phoenix_renewal,1.0,4.14,14.43,10.0,14.43,3.0
photon_repeater,1.75,12.5,17.25,11.0,17.17,3.0
physique,1.17,8.92,10.5,5.0,10.5,5.0
piercing_caliber,1.7,48.3,46.5,15.0,46.83,5.0
piercing_fury,0.0,0.0,0.0,0.0,0.0,0.0
piercing_hit,1.0,2.5,3.0,1.0,3.0,0.0
piercing_navigator,1.0,17.0,13.0,13.0,13.0,3.0
piercing_roar,1.12,3.38,15.25,10.0,15.25,3.0
piercing_step,0.0,0.0,0.0,0.0,0.0,0.0
pilfering_strangledome,8.13,5.73,10.9,7.0,10.89,3.0
pilfering_swarm,1.65,6.8,11.78,5.0,11.58,3.0
pistol_ammo_mutation,1.5,13.12,11.75,5.0,11.96,5.0
pistol_amp,3.32,6.14,13.36,8.0,13.13,5.0
pistol_gambit,1.3,5.0,8.45,5.0,8.4,5.0
pistol_pestilence,3.76,2.62,8.97,7.0,8.95,3.0
pistol_riven_mod_(veiled),84.02,6.67,5.81,2.0,6.16,0.0
pistol_scavenger,1.0,7.5,9.5,9.0,9.5,5.0
plan_b,0.0,0.0,0.0,0.0,0.0,0.0
point_blank,1.6,1.6,9.5,8.0,9.53,5.0
point_strike,1.0,3.0,8.33,5.0,8.33,5.0
pointed_wind,2.35,15.06,13.91,4.0,13.24,3.0
poisonous_sting,2.0,11.0,20.0,20.0,20.0,5.0
polar_magazine,1.0,8.33,12.33,8.0,12.33,5.0
pool_of_life,1.0,9.0,15.0,10.0,15.0,3.0
pop_top,1.14,29.29,28.71,18.0,28.71,5.0
poppin_vert,1.75,23.62,21.94,12.0,21.79,3.0
pounce,2.0,10.0,10.0,10.0,10.0,3.0
power_donation,3.26,11.74,19.94,10.0,19.96,5.0
power_drain,9.14,17.62,21.09,4.0,21.32,0.0
power_drift,12.53,14.93,14.93,5.0,15.28,5.0
power_of_three,2.5,22.5,17.5,10.0,21.83,3.0
power_throw,1.38,3.77,8.5,5.0,8.46,5.0
praedos_blueprint,6.33,4.9,10.93,7.0,11.12,0.0
precision_munition,0.0,0.0,0.0,0.0,0.0,0.0
precision_strike,1.38,17.54,37.58,25.0,36.87,3.0
predator,1.27,3.18,11.59,10.0,11.55,5.0
preparation,7.63,10.57,89.32,75.0,88.87,10.0
pressure_point,1.38,3.75,6.88,5.0,6.88,5.0
pressurized_magazine,1.0,17.0,11.33,8.0,11.33,5.0
primal_rage,1.41,11.59,14.79,8.0,14.86,3.0
primary_blight,2.1,190.76,770.19,500.0,767.48,5.0
primary_dexterity,15.63,5.87,6.12,3.0,6.39,5.0
primary_exhilarate,1.83,174.39,365.11,215.0,365.02,5.0
primary_frostbite,8.3,28.03,115.27,90.0,115.14,5.0
primary_merciless,58.37,11.23,14.52,8.0,14.3,5.0
primary_obstruct,1.75,110.67,195.17,100.0,191.94,5.0
primary_plated_round,2.29,95.38,344.44,265.0,338.21,5.0
primed_animal_instinct,6.9,24.53,158.6,130.0,158.81,10.0
primed_bane_of_corpus,3.36,29.04,140.82,120.0,142.01,10.0
primed_bane_of_corrupted,3.93,139.43,431.45,345.0,428.2,10.0
primed_bane_of_grineer,4.9,26.0,161.18,140.0,161.22,10.0
primed_bane_of_infested,2.17,28.42,158.48,110.0,157.47,10.0
primed_chamber,4.67,19.27,297.47,278.0,296.37,3.0
primed_charged_shell,14.27,40.7,122.95,90.0,122.73,10.0
primed_chilling_grasp,13.47,31.13,154.28,110.0,153.86,10.0
primed_cleanse_corpus,2.76,26.21,150.45,120.0,150.38,10.0
primed_cleanse_corrupted,4.35,50.19,108.98,80.0,109.64,10.0
primed_cleanse_grineer,3.8,31.96,169.92,150.0,168.6,10.0
primed_cleanse_infested,1.36,23.21,152.93,140.0,153.05,10.0
primed_continuity,24.0,42.17,119.75,85.0,118.83,10.0
primed_cryo_rounds,19.5,43.03,139.77,100.0,137.86,10.0
primed_expel_corpus,2.42,24.25,152.98,140.0,153.46,10.0
primed_expel_corrupted,1.71,77.82,228.82,150.0,228.9,10.0
primed_expel_grineer,1.86,144.27,304.77,170.0,303.76,10.0
primed_expel_infested,1.09,63.18,220.55,170.0,221.0,10.0
primed_fast_hands,3.97,31.83,123.98,100.0,125.71,10.0
primed_fever_strike,16.7,39.6,120.2,90.0,120.1,10.0
primed_firestorm,12.53,37.43,137.35,102.0,136.62,10.0
primed_flow,23.63,41.13,163.45,138.0,163.34,10.0
primed_fulmination,7.57,33.57,143.0,110.0,142.27,10.0
primed_heated_charge,15.5,52.4,141.65,90.0,142.2,10.0
primed_heavy_trauma,1.47,64.12,156.5,100.0,155.73,10.0
primed_magazine_warp,2.29,27.18,138.23,112.0,138.52,10.0
primed_morphic_transformer,1.74,47.52,150.04,95.0,147.55,10.0
primed_pack_leader,3.14,40.27,151.05,101.0,151.5,10.0
primed_pistol_ammo_mutation,3.11,103.22,172.28,90.0,177.93,10.0
primed_pistol_gambit,14.47,40.37,157.12,100.0,156.97,10.0
primed_point_blank,16.13,38.1,155.8,59.0,154.52,10.0
primed_pressure_point,19.23,44.37,161.15,90.0,161.81,10.0
primed_quickdraw,1.72,28.89,152.83,128.0,153.61,10.0
primed_ravage,14.47,41.47,143.65,95.0,142.16,10.0
primed_reach,12.3,47.37,98.97,75.0,102.77,10.0
primed_regen,2.29,21.82,148.98,130.0,149.73,10.0
primed_rifle_ammo_mutation,1.95,49.5,224.0,180.0,222.2,10.0
primed_shotgun_ammo_mutation,1.67,88.52,237.79,165.0,238.84,10.0
primed_slip_magazine,1.6,32.13,154.97,140.0,155.8,10.0
primed_smite_corpus,5.08,45.38,119.77,80.0,120.86,10.0
primed_smite_corrupted,4.5,42.42,148.42,90.0,150.13,10.0
primed_smite_grineer,7.1,46.57,133.97,70.0,135.93,10.0
primed_smite_infested,1.95,57.05,128.14,90.0,127.15,10.0
primed_sniper_ammo_mutation,2.44,31.88,183.81,150.0,184.1,10.0
primed_tactical_pump,6.9,48.07,142.77,82.0,143.52,10.0
primed_target_cracker,12.3,40.33,167.5,126.0,165.68,10.0
primo_flair,1.36,4.07,20.25,17.0,20.31,5.0
prisma_angstrum,25.52,27.56,71.41,30.0,71.22,0.0
prisma_burst_laser,1.12,66.25,59.0,14.0,59.0,0.0
prisma_dual_cleavers,3.48,16.44,49.04,27.0,49.06,0.0
prisma_dual_decurion,3.83,18.69,69.14,55.0,69.64,0.0
prisma_gorgon,6.93,49.56,100.5,60.0,101.98,0.0
prisma_grakata,2.96,14.19,74.63,55.0,73.9,0.0
prisma_grinlok,2.78,12.85,59.28,49.0,59.36,0.0
prisma_lenz,10.9,21.93,60.82,45.0,61.23,0.0
prisma_machete,2.8,14.64,65.64,52.0,65.37,0.0
prisma_obex,2.85,18.04,49.61,35.0,50.52,0.0
prisma_shade,1.3,14.9,79.7,65.0,79.53,0.0
prisma_shade_set,2.05,18.38,91.9,70.0,92.16,0.0
prisma_skana,15.13,25.93,68.07,50.0,67.91,0.0
prisma_tetra,2.86,15.86,49.61,40.0,49.92,0.0
prisma_twin_gremlins,2.11,27.89,82.04,60.0,81.61,0.0
prisma_veritux,1.71,20.67,83.38,55.0,82.99,0.0
prize_kill,0.0,0.0,0.0,0.0,0.0,0.0
proboscis,0.0,0.0,0.0,0.0,0.0,0.0
prolonged_paralysis,1.0,10.67,20.0,15.0,20.0,3.0
proof_fragment,2.5,99995.5,50002.0,5.0,50002.0,0.0
protect,1.0,15.0,25.0,20.0,25.0,5.0
protective_shots,0.0,0.0,0.0,0.0,0.0,0.0
proton_jet,1.0,16.0,10.0,10.0,10.0,3.0
proton_pulse,23.0,10.0,12.0,12.0,12.0,3.0
proton_snap,0.0,0.0,0.0,0.0,0.0,0.0
prova_vandal,2.33,17.0,47.85,35.0,47.17,0.0
provoked,1.0,47.5,122.5,76.0,122.5,10.0
pummel,1.0,20.0,5.0,5.0,5.0,5.0
purged_dagonic,6.0,0.0,1.0,1.0,1.0,0.0
purging_slash,1.0,31.75,18.5,10.0,18.5,3.0
purified_heciphron,16.81,1.94,1.75,1.0,1.79,0.0
purifying_flames,1.0,8.83,12.0,6.0,12.0,3.0
push_and_pull,0.0,0.0,0.0,0.0,0.0,0.0
pyrana_prime_set,17.53,20.07,63.92,40.0,63.82,0.0
pyroclastic_flow,1.0,11.33,16.83,10.0,16.83,3.0
quaking_hand,0.0,0.0,0.0,0.0,0.0,0.0
quanta_vandal,3.54,20.38,44.63,30.0,44.54,0.0
quasar_drill,0.0,0.0,0.0,0.0,0.0,0.0
quellor_blueprint,12.0,10.47,15.9,9.0,15.99,0.0
quick_charge,0.0,0.0,0.0,0.0,0.0,0.0
quick_escape,1.0,5.75,20.0,20.0,20.0,3.0
quick_reload,1.0,8.33,18.33,15.0,18.33,3.0
quick_return,0.0,0.0,0.0,0.0,0.0,0.0
quick_thinking,2.69,5.0,13.1,9.0,13.01,5.0
quickdraw,0.0,0.0,0.0,0.0,0.0,0.0
quickening,6.0,15.43,19.28,10.0,19.08,3.0
quicklock,1.25,11.5,12.0,8.0,11.17,5.0
radian_sentirum,33.83,1.13,1.95,1.0,1.92,0.0
radiant_finish,1.33,4.33,12.5,10.0,12.44,3.0
radiant_zodian,43.77,1.57,2.0,1.0,1.8,0.0
rage,2.56,12.7,12.52,2.0,12.69,3.0
raider_matrix,1.0,15.0,16.0,10.0,16.0,5.0
raiju_core_blueprint,1.55,7.27,7.09,3.0,7.06,0.0
rail_guards,1.0,17.0,31.0,20.0,31.0,5.0
raksa_kubrow_imprint,5.93,2.97,14.37,10.0,14.19,0.0
rakta_ballistica,7.48,15.72,23.97,15.0,23.37,0.0
rakta_cernos,8.23,16.6,24.35,15.0,24.44,0.0
rakta_dark_dagger,8.67,18.2,24.53,14.0,24.43,0.0
range_advantage,1.0,220.0,225.0,100.0,225.0,5.0
rapid_resilience,1.0,12.0,3.0,3.0,3.0,5.0
rathbone_set,2.0,16.35,29.2,16.0,28.68,0.0
rauta_set,11.07,19.47,38.82,20.0,38.24,0.0
ravage,1.59,5.27,9.36,4.0,9.29,5.0
razor_munitions,0.0,0.0,0.0,0.0,0.0,0.0
razor_shot,2.0,4.0,3.0,3.0,3.0,0.0
razorwing_blitz,3.5,6.64,15.12,10.0,14.64,3.0
reach,1.0,14.0,14.67,14.0,14.67,3.0
reactive_storm,1.96,8.46,14.0,9.0,13.88,3.0
reaper_prime_set,14.13,19.13,45.55,30.0,46.36,0.0
reaping_chakram,1.29,13.0,16.14,10.0,16.14,3.0
reaping_spiral,1.46,5.77,7.96,2.0,8.05,3.0
reawaken,1.22,12.67,45.92,35.0,45.67,5.0
rebound,1.25,3.25,4.5,2.0,4.5,0.0
recaster,6.5,1.08,1.83,1.0,1.83,0.0
recharge_barrier,1.0,15.0,20.0,20.0,20.0,3.0
recover,0.0,0.0,0.0,0.0,0.0,0.0
recuperate,0.0,0.0,0.0,0.0,0.0,0.0
red_veil_arm_insignia,0.0,0.0,0.0,0.0,0.0,0.0
red_veil_armor_set,1.14,20.14,45.86,30.0,46.1,0.0
red_veil_augment_mod,1.83,4.17,9.25,5.0,9.22,0.0
red_veil_chest_piece,0.0,0.0,0.0,0.0,0.0,0.0
red_veil_knee_guards,0.0,0.0,0.0,0.0,0.0,0.0
redeemer_prime_set,23.93,24.83,59.78,35.0,58.11,0.0
redirection,1.7,11.55,30.98,15.0,31.15,10.0
reflect,1.0,16.0,10.0,10.0,10.0,3.0
reflection,0.0,0.0,0.0,0.0,0.0,0.0
reflex_coil,1.42,3.5,10.71,9.0,10.72,5.0
reflex_denial,1.0,5.5,19.5,14.0,19.5,5.0
reflex_draw,1.0,5.0,7.5,5.0,7.5,3.0
regen,1.0,9.0,15.0,15.0,15.0,5.0
regenerative_molt,1.74,8.26,13.0,9.0,13.14,3.0
reinforcing_stomp,1.33,12.83,18.33,10.0,17.89,3.0
rejuvenation,2.11,14.5,19.83,10.0,19.93,5.0
relentless_assault,0.0,0.0,0.0,0.0,0.0,0.0
relentless_combination,0.0,0.0,0.0,0.0,0.0,0.0
rending_crane,1.25,7.5,14.5,9.0,14.54,3.0
rending_strike,1.25,11.0,7.0,5.0,7.17,3.0
rending_turn,1.0,0.0,10.0,10.0,10.0,5.0
rending_wind,1.0,22.0,25.0,25.0,25.0,0.0
repair_dispensary,1.0,7.38,13.88,10.0,13.88,3.0
repair_kit,0.0,0.0,0.0,0.0,0.0,0.0
repeater_clip,1.2,7.0,15.6,10.0,15.6,5.0
repelling_bastille,1.64,9.36,15.32,10.0,15.3,3.0
repo_audit,2.0,5.0,10.0,10.0,10.0,0.0
residual_boils,1.69,19.5,25.09,15.0,25.17,3.0
residual_malodor,1.5,8.92,13.75,8.0,14.11,3.0
residual_shock,1.3,19.0,40.75,20.0,40.67,3.0
residual_viremia,1.33,24.44,38.61,5.0,39.63,3.0
resolute_focus,0.0,0.0,0.0,0.0,0.0,0.0
resonance,1.0,6.4,11.4,10.0,11.4,3.0
resonating_quake,1.25,9.75,16.94,10.0,16.79,3.0
retribution,3.0,22.5,9.12,2.0,9.25,3.0
retrieve,1.0,44.67,55.67,20.0,55.67,5.0
revealing_spores,1.0,10.0,10.0,10.0,10.0,3.0
revenant_prime_set,151.13,36.37,41.58,25.0,43.46,0.0
revenge,3.25,4.5,2.5,1.0,2.5,0.0
revo_reducer,1.33,8.67,16.33,14.0,16.33,5.0
rhino_prime_set,51.37,20.33,74.27,52.0,74.4,0.0
rifle_ammo_mutation,1.57,11.64,12.25,5.0,11.79,5.0
rifle_amp,2.48,12.67,17.6,10.0,17.32,5.0
rifle_aptitude,1.25,3.25,11.12,9.0,11.17,5.0
rifle_riven_mod_(veiled),139.6,18.5,19.68,1.0,19.44,0.0
rifle_scavenger,1.14,21.0,17.43,10.0,16.95,5.0
rift_haven,1.0,6.67,15.0,10.0,15.0,3.0
rift_strike,0.0,0.0,0.0,0.0,0.0,0.0
rift_torrent,1.88,12.19,19.53,9.0,19.19,3.0
rime_rounds,10.6,24.0,32.05,11.0,31.63,3.0
rime_vault,0.0,0.0,0.0,0.0,0.0,0.0
ripload,1.0,0.0,8.0,8.0,8.0,5.0
ripper_rounds,0.0,0.0,0.0,0.0,0.0,0.0
ris,41.4,8.4,10.57,5.0,10.99,3.0
rising_skill,0.0,0.0,0.0,0.0,0.0,0.0
rising_steel,1.0,22.0,25.0,25.0,25.0,0.0
rising_storm,1.09,8.09,13.32,10.0,13.24,3.0
rubble_heap,1.4,12.3,16.75,10.0,15.93,3.0
rubico_prime_set,47.13,31.43,68.73,40.0,68.89,0.0
ruinous_extension,2.08,14.0,28.21,20.0,28.33,3.0
rumbled,1.12,8.88,20.88,14.0,20.67,3.0
runtime,6.03,2.67,8.98,7.0,9.01,0.0
rupture,0.0,0.0,0.0,0.0,0.0,0.0
rush,1.0,4.22,10.11,5.0,10.11,5.0
sabot_rounds,2.89,30.7,57.7,40.0,58.75,5.0
sacrifice,1.8,23.2,86.7,70.0,86.89,3.0
safeguard_switch,1.0,11.67,16.67,10.0,16.67,3.0
sahasa_kubrow_imprint,9.82,8.14,14.8,9.0,14.65,0.0
sancti_castanas,7.4,15.63,27.02,15.0,27.14,0.0
sancti_magistar,8.3,17.37,28.88,15.0,28.88,0.0
sancti_tigris,8.07,12.83,27.95,15.0,27.5,0.0
sanctuary,1.0,10.33,93.0,80.0,93.0,10.0
sands_of_inaros,2.0,10.5,15.21,8.0,15.29,0.0
sapcaddy,8.6,2.2,1.4,1.0,1.4,0.0
sapping_reach,0.0,0.0,0.0,0.0,0.0,0.0
sarofang_set,3.07,3.36,7.93,5.0,7.96,0.0
saryn_prime_set,54.13,20.97,126.17,111.0,126.09,0.0
savage_silence,2.14,12.29,17.52,10.0,16.95,3.0
savagery,1.0,34.33,23.33,10.0,23.33,5.0
savior_decoy,1.0,13.0,13.5,12.0,13.5,3.0
sawtooth_clip,1.0,0.0,14.0,14.0,14.0,5.0
saxum_spittle,1.77,36.92,49.69,25.0,49.33,5.0
saxum_thorax,1.25,11.5,13.75,5.0,13.33,5.0
scan_lifeforms,0.0,0.0,0.0,0.0,0.0,0.0
scan_matter,0.0,0.0,0.0,0.0,0.0,0.0
scarlet_hurricane,1.0,0.0,25.0,25.0,25.0,0.0
scattered_justice,1.71,7.94,10.18,5.0,9.92,3.0
scattering_inferno,4.03,15.97,16.98,5.0,16.18,3.0
scavenge,1.0,0.0,25.0,25.0,25.0,5.0
scimitar_avionics,5.5,4.83,6.27,4.0,6.47,0.0
scimitar_engines,5.97,5.59,9.33,5.0,9.23,0.0
scimitar_fuselage,5.86,4.66,5.74,4.0,6.11,0.0
scimitar_set,4.77,8.33,27.23,19.0,27.39,0.0
scindo_prime_set,12.1,15.13,34.43,21.0,34.26,0.0
scorch,4.45,13.07,16.33,8.0,16.51,3.0
scourge_prime_set,29.27,12.33,25.52,15.0,25.62,0.0
scourging_warheads,0.0,0.0,0.0,0.0,0.0,0.0
scrubber,5.75,0.75,1.38,1.0,1.38,0.0
searing_leap,0.0,0.0,0.0,0.0,0.0,0.0
searing_steel,1.0,27.43,36.14,24.0,36.14,3.0
secondary_dexterity,13.57,5.57,5.8,3.0,6.11,5.0
secondary_encumber,18.87,62.3,329.03,290.0,327.29,5.0
secondary_kinship,1.82,105.68,296.2,210.0,293.27,5.0
secondary_merciless,22.3,4.9,8.73,4.0,8.52,5.0
secondary_outburst,1.87,266.0,266.97,140.0,271.09,5.0
secondary_shiver,1.8,178.9,384.88,151.0,390.57,5.0
secondary_wind,0.0,0.0,0.0,0.0,0.0,0.0
section_density,1.11,4.89,12.17,10.0,12.15,5.0
secura_dual_cestra,7.97,16.23,27.47,15.0,27.19,0.0
secura_lecta,8.0,19.6,29.47,20.0,29.51,0.0
secura_penta,7.93,11.97,29.67,20.0,28.75,0.0
security_override,0.0,0.0,0.0,0.0,0.0,0.0
seeker,1.0,2.75,8.75,5.0,8.75,5.0
seeker_volley,2.8,9.25,61.45,50.0,61.27,10.0
seeking_force,1.0,2.0,20.0,20.0,20.0,5.0
seeking_fury,1.0,8.67,5.0,4.0,5.0,5.0
seeking_shuriken,1.89,6.16,11.39,9.0,11.84,3.0
seismic_palm,1.25,8.25,6.62,4.0,6.58,3.0
seismic_wave,1.0,18.75,17.75,10.0,17.75,3.0
self_destruct,1.0,11.0,15.0,15.0,15.0,5.0
sense_danger,2.0,0.0,14.0,14.0,14.0,3.0
sentient_barrage,1.56,17.78,34.33,20.0,33.96,5.0
sentient_scalpel,0.0,0.0,0.0,0.0,0.0,0.0
sentient_surge,2.77,28.85,39.02,20.0,40.19,5.0
seonn,0.0,0.0,0.0,0.0,0.0,0.0
sequence_burn,1.0,13.0,12.0,9.0,12.0,3.0
serrated_edges,0.0,0.0,0.0,0.0,0.0,0.0
serrated_rounds,0.0,0.0,0.0,0.0,0.0,0.0
serration,5.28,10.72,49.69,38.0,49.48,10.0
shade_prime_set,43.9,8.23,27.18,18.0,26.78,0.0
shadow_harvest,1.0,22.0,25.0,25.0,25.0,0.0
shadow_haze,1.92,12.42,24.67,15.0,24.92,3.0
sharpened_bullets,1.5,15.5,23.5,20.0,23.17,5.0
sharpened_claws,1.0,19.75,15.25,7.0,15.25,3.0
sharpshooter,1.0,45.0,110.0,100.0,110.0,10.0
sharrac,10.21,1.93,1.64,1.0,1.63,0.0
shatter_burst,1.0,6.33,12.33,8.0,12.33,5.0
shattered_storm,1.12,4.5,11.69,10.0,11.58,3.0
shattering_impact,1.17,10.0,14.33,10.0,14.17,5.0
shattering_justice,1.0,6.0,9.5,9.0,9.5,3.0
shattering_storm,1.38,5.75,13.38,10.0,13.25,3.0
shedu_set,34.13,14.0,63.38,47.0,63.23,0.0
sheev_blueprint,1.5,10.0,12.78,8.0,12.65,0.0
sheev_heatsink,1.72,7.94,12.03,8.0,12.24,0.0
sheev_set,2.78,13.59,32.81,20.0,32.96,0.0
shell_compression,1.0,15.33,18.0,10.0,18.0,5.0
shell_rush,1.0,5.2,19.6,18.0,19.6,3.0
shell_shock,3.52,19.72,58.26,45.0,58.6,3.0
shelter,1.0,35.0,65.0,65.0,65.0,10.0
shepherd,1.0,9.71,11.29,5.0,11.29,5.0
shield_charger,3.25,7.25,12.25,9.0,12.25,5.0
shield_disruption,2.83,14.0,24.0,15.0,24.31,5.0
shield_of_shadows,2.41,11.67,16.07,8.0,15.8,3.0
shield_overload,0.0,0.0,0.0,0.0,0.0,0.0
shimmering_blight,1.29,3.29,8.86,5.0,8.79,3.0
shock_absorbers,1.0,8.0,10.0,10.0,10.0,3.0
shock_collar,1.0,22.75,25.75,9.0,25.75,3.0
shock_trooper,3.68,8.28,13.54,9.0,13.55,3.0
shocking_speed,1.0,8.8,12.0,9.0,12.0,3.0
shocking_touch,1.0,3.67,9.0,8.0,9.0,5.0
shockwave_actuators,0.0,0.0,0.0,0.0,0.0,0.0
shotgun_ammo_mutation,1.2,9.9,10.2,4.0,10.47,5.0
shotgun_amp,1.43,14.0,16.07,10.0,15.86,5.0
shotgun_riven_mod_(veiled),57.83,7.07,12.89,7.0,12.7,0.0
shotgun_savvy,0.0,0.0,0.0,0.0,0.0,0.0
shotgun_scavenger,1.0,15.33,12.33,10.0,12.33,5.0
shotgun_spazz,1.71,8.57,13.29,8.0,13.33,5.0
shotgun_vendetta,3.48,151.76,778.93,600.0,763.25,5.0
shrapnel_rounds_(marelok),1.29,14.71,12.64,10.0,12.71,0.0
shrapnel_shot,1.17,17.58,21.29,10.0,21.11,5.0
shred,4.13,10.47,14.6,4.0,14.79,5.0
shred_shot,0.0,0.0,0.0,0.0,0.0,0.0
shredder,45.5,19.0,12.5,5.0,12.5,0.0
sicarus_prime_set,8.3,14.67,43.6,23.0,42.91,0.0
signal_flare,0.0,0.0,0.0,0.0,0.0,0.0
silent_battery,1.8,10.8,8.0,4.0,8.0,3.0
silva_and_aegis_prime_set,10.17,14.07,44.68,30.0,44.58,0.0
singularity,1.0,10.0,15.0,15.0,15.0,3.0
sinister_reach,1.0,2.83,7.17,4.0,7.17,3.0
sinking_talon,1.0,1.0,9.5,9.0,9.5,3.0
skull_shots_(viper),1.0,38.5,32.5,20.0,32.5,3.0
slay_board,1.0,0.0,20.0,20.0,20.0,3.0
slicing_feathers,2.88,7.82,11.59,5.0,10.71,3.0
slip_magazine,1.0,18.0,15.0,10.0,15.0,0.0
sly_devolution,1.0,37.5,87.5,50.0,87.5,3.0
sly_vulpaphyla_imprint,1.9,9.5,26.5,20.0,26.33,0.0
smeeta_kavat_imprint,61.93,15.97,22.83,10.0,22.96,0.0
smite_corpus,1.17,8.17,17.83,14.0,17.83,5.0
smite_corrupted,1.2,15.0,23.7,15.0,24.0,5.0
smite_grineer,1.0,13.0,15.0,15.0,15.0,5.0
smite_infested,0.0,0.0,0.0,0.0,0.0,0.0
smite_infusion,1.43,10.43,17.86,10.0,18.14,3.0
smoke_shadow,1.39,8.56,14.58,9.0,14.61,3.0
smooth_phasmin,18.12,0.0,1.0,1.0,1.0,0.0
snap_shot,1.0,6.0,5.0,5.0,5.0,0.0
sniper_ammo_mutation,1.1,3.5,10.4,9.0,10.4,5.0
sniper_scavenger,1.0,14.5,20.17,13.0,20.17,5.0
snipetron_vandal_set,4.4,13.13,37.48,25.0,37.39,0.0
soaring_strike,4.0,6.0,16.0,16.0,16.0,0.0
soft_hands,0.0,0.0,0.0,0.0,0.0,0.0
solaris_arm_guards,0.0,0.0,0.0,0.0,0.0,0.0
solaris_armor_set,0.0,0.0,0.0,0.0,0.0,0.0
solaris_chest_marker,0.0,0.0,0.0,0.0,0.0,0.0
solaris_leg_spurs,0.0,0.0,0.0,0.0,0.0,0.0
soma_prime_set,19.23,23.8,77.65,56.0,77.22,0.0
sonic_boost,1.0,0.0,20.0,20.0,20.0,3.0
sonic_fracture,1.0,10.17,20.17,18.0,20.17,3.0
soul_survivor,1.25,10.0,13.75,10.0,13.75,3.0
sovereign_outcast,3.38,9.08,14.0,5.0,13.65,3.0
spare_parts,1.67,2.95,9.0,4.0,8.92,5.0
spectra_vandal_set,5.45,23.9,65.55,35.0,64.28,0.0
spectrosiphon,3.15,15.44,17.11,8.0,17.54,3.0
speed_drift,3.38,20.45,31.76,18.0,32.23,5.0
speed_holster,2.54,23.27,29.79,10.0,29.0,5.0
speed_trigger,1.0,10.75,13.5,5.0,13.5,5.0
spellbound_harvest,1.38,11.25,15.5,10.0,15.29,3.0
spinning_needle,1.0,3.2,9.2,8.0,9.2,3.0
spira_prime_set,5.21,16.62,127.45,116.0,128.15,0.0
split_chamber,4.0,2.8,8.95,7.0,8.93,5.0
split_flights,3.93,22.34,38.79,25.0,38.84,5.0
spoiled_strike,4.81,8.81,9.94,5.0,10.3,3.0
sporothrix_blueprint,1.83,2.25,3.12,1.0,3.06,0.0
sporothrix_set,3.07,31.19,120.54,80.0,118.67,0.0
spring_loaded_chamber,1.0,29.0,10.0,10.0,10.0,5.0
sprint_boost,2.79,18.41,25.93,10.0,25.1,5.0
spry_sights,0.0,0.0,0.0,0.0,0.0,0.0
squad_renew,1.0,33.0,18.5,17.0,18.5,5.0
stabilizer,1.73,4.91,9.0,3.0,8.97,3.0
staggering_shield,1.12,12.12,16.0,10.0,16.0,3.0
stahlta_set,11.3,9.33,10.23,5.0,10.73,0.0
stalk,0.0,0.0,0.0,0.0,0.0,0.0
stalking_fan,1.56,9.69,14.66,7.0,14.65,3.0
stand_ground,0.0,0.0,0.0,0.0,0.0,0.0
stand_united,1.14,12.07,12.0,5.0,12.17,5.0
star_amarast,12.67,0.81,1.24,1.0,1.25,0.0
star_crimzian,34.07,0.97,1.12,1.0,1.26,0.0
star_divide,1.0,22.0,25.0,25.0,25.0,0.0
stasis_field,0.0,0.0,0.0,0.0,0.0,0.0
static_alacrity_(staticor),2.5,11.0,9.5,9.0,9.5,0.0
static_discharge,1.0,25.0,7.0,7.0,7.0,5.0
steady_hands,1.23,4.92,9.46,7.0,9.41,3.0
stealth_drift,1.11,5.11,10.0,5.0,10.0,5.0
steel_charge,10.27,18.97,25.7,12.0,26.26,5.0
steel_fiber,1.36,11.5,30.18,20.0,30.24,10.0
steel_meridian_augment_mod,2.5,9.0,14.75,9.0,14.67,0.0
steflos_set,5.73,14.8,25.07,13.0,24.63,0.0
stellated_necrathene,27.14,2.28,2.03,1.0,2.15,0.0
stinging_thorn,2.17,30.06,29.36,10.0,28.39,3.0
stinging_truth,1.0,39.0,15.0,15.0,15.0,3.0
stockpiled_blight,1.0,16.0,13.25,8.0,13.25,3.0
stormbringer,1.0,4.0,8.5,6.0,8.5,5.0
stradavar_prime_set,12.5,16.4,35.88,20.0,35.22,0.0
strafing_slide,0.0,0.0,0.0,0.0,0.0,0.0
strain_consume,1.0,10.0,20.0,15.0,20.0,3.0
strain_eruption,1.17,58.0,32.67,10.0,32.11,3.0
strain_fever,1.17,19.5,19.67,10.0,19.67,3.0
strain_infection,1.33,15.33,22.67,13.0,22.67,3.0
streamline,2.86,2.9,8.78,7.0,8.78,5.0
streamlined_form,1.0,4.67,10.67,10.0,10.67,5.0
stretch,2.13,3.26,9.15,6.0,9.17,5.0
stropha_set,15.93,12.77,22.47,12.0,22.4,0.0
strun_prime_set,52.83,21.03,20.88,10.0,21.4,0.0
strun_wraith_set,4.45,15.93,57.45,45.0,56.7,0.0
stunning_speed,1.22,9.0,7.44,4.0,7.78,3.0
suda_arm_spurs,0.0,0.0,0.0,0.0,0.0,0.0
suda_armor_set,1.0,9.0,46.2,40.0,46.2,0.0
suda_chest_piece,0.0,0.0,0.0,0.0,0.0,0.0
suda_leg_spurs,0.0,0.0,0.0,0.0,0.0,0.0
sudden_impact,0.0,0.0,0.0,0.0,0.0,0.0
sudden_justice,1.0,0.0,15.0,15.0,15.0,3.0
sundering_strike,1.0,13.0,10.0,10.0,10.0,5.0
sundering_weave,1.0,10.0,10.5,6.0,10.5,3.0
sunika_kubrow_imprint,6.52,3.15,14.41,12.0,14.02,0.0
superior_defenses,1.0,18.0,25.0,25.0,25.0,3.0
suppress,1.0,5.0,7.0,7.0,7.0,3.0
supra_vandal,4.15,18.7,60.96,46.0,60.86,0.0
sure_footed,4.7,10.33,15.93,9.0,16.14,3.0
sure_shot,1.36,11.0,13.05,5.0,12.88,5.0
surging_blades,1.56,16.67,17.78,10.0,17.07,3.0
surging_dash,1.0,11.0,12.0,12.0,12.0,3.0
surplus_diverters,1.0,75.0,95.0,95.0,95.0,0.0
survival_instinct,1.0,52.5,72.5,20.0,72.5,3.0
sweeping_serration,1.86,7.43,17.57,7.0,17.67,5.0
swift_bite,1.14,2.86,19.21,18.0,19.24,3.0
swift_mercy,1.84,5.42,6.32,1.0,6.12,0.0
swift_momentum,2.05,12.0,15.3,10.0,15.42,5.0
swing_line,0.0,0.0,0.0,0.0,0.0,0.0
swipe,1.0,15.0,10.0,10.0,10.0,3.0
swirling_tiger,1.0,9.0,10.25,6.0,10.25,3.0
swooping_falcon,1.29,10.29,14.62,5.0,14.53,3.0
sword_alone,0.0,0.0,0.0,0.0,0.0,0.0
sybaris_prime_set,9.93,17.63,44.88,25.0,44.72,0.0
synathid,13.94,2.06,2.28,1.0,2.24,0.0
synergized_prospectus,0.0,0.0,0.0,0.0,0.0,0.0
synoid_gammacor,26.97,29.17,31.0,14.0,31.57,0.0
synoid_heliocor,8.37,17.47,28.2,15.0,27.6,0.0
synoid_simulor,7.67,16.87,26.47,15.0,26.2,0.0
synth_charge,1.36,6.0,10.86,6.0,10.94,3.0
synth_deconstruct,3.72,17.14,19.71,9.0,19.77,5.0
synth_fiber,6.0,11.07,19.37,9.0,19.14,3.0
synth_reflex,1.0,11.83,11.17,3.0,11.17,3.0
system_reroute,1.77,19.23,88.7,66.0,88.58,10.0
tactical_pump,1.0,5.5,9.75,9.0,9.75,5.0
tactical_reload,1.0,10.0,15.0,10.0,15.0,3.0
tactical_retreat,0.0,0.0,0.0,0.0,0.0,0.0
tainted_clip,1.0,8.0,10.0,10.0,10.0,5.0
tainted_hydra,1.0,19.5,22.5,20.0,22.5,0.0
tainted_mag,1.25,14.12,77.0,70.0,76.88,10.0
tainted_shell,1.17,19.17,78.25,60.0,77.89,10.0
target_acquired,4.33,6.67,12.5,10.0,12.22,5.0
target_cracker,1.29,7.0,11.18,2.0,11.02,5.0
target_fixation,1.0,9.25,16.25,13.0,16.25,3.0
targeting_receptor,0.0,0.0,0.0,0.0,0.0,0.0
targeting_subsystem,1.0,32.5,20.0,20.0,20.0,5.0
tatsu_prime_set,38.07,15.7,22.2,10.0,22.18,0.0
tear_azurite,10.91,0.0,1.0,1.0,1.0,0.0
tear_gas,0.0,0.0,0.0,0.0,0.0,0.0
tectonic_fracture,0.0,0.0,0.0,0.0,0.0,0.0
teeming_virulence,1.71,14.43,18.86,10.0,18.67,3.0
tek_assault,6.17,18.13,25.63,15.0,25.5,3.0
tek_collateral,1.0,7.8,11.2,7.0,11.2,3.0
tek_enhance,4.8,17.57,21.17,10.0,21.11,5.0
tek_gravity,1.0,11.0,8.0,8.0,8.0,3.0
tekko_prime_gauntlet,11.13,6.17,6.72,2.0,6.96,0.0
tekko_prime_set,7.17,9.9,77.73,69.0,77.28,0.0
telos_akbolto,8.27,15.47,26.57,15.0,26.31,0.0
telos_boltace,9.2,17.77,27.18,15.0,27.08,0.0
telos_boltor,14.9,16.37,27.68,10.0,27.11,0.0
tempered_bound,0.0,0.0,0.0,0.0,0.0,0.0
tempo_royale,2.93,13.36,20.57,7.0,20.83,3.0
temporal_erosion,2.33,9.25,22.67,15.0,22.36,3.0
tenora_prime_set,14.63,15.73,44.55,33.0,44.23,0.0
terminal_velocity,2.23,4.92,10.63,5.0,10.64,3.0
territorial_aggression,2.0,3.0,4.0,2.0,4.0,0.0
tesla_bank,1.67,14.67,15.83,2.0,15.39,3.0
tether,1.0,15.0,5.0,5.0,5.0,5.0
tether_grenades,1.0,0.0,10.0,10.0,10.0,5.0
the_perrin_sequence_augment_mod,1.25,5.0,12.5,10.0,12.5,0.0
the_relentless_lost,1.0,5.75,12.75,10.0,12.75,3.0
theorem_contagion,1.25,31.88,65.31,50.0,65.21,5.0
theorem_demulcent,1.18,30.82,84.55,55.0,84.7,5.0
theorem_infection,1.27,187.64,295.45,100.0,288.79,5.0
thermagnetic_shells,1.67,11.67,8.33,5.0,8.33,3.0
thermal_transfer,1.21,12.64,17.36,9.0,17.24,3.0
thermite_rounds,3.21,7.36,19.09,15.0,19.08,3.0
thiefs_wit,1.29,2.43,7.21,5.0,7.19,5.0
thrall_pact,1.47,8.58,14.63,10.0,14.37,3.0
thrash_landing,1.0,5.0,25.0,25.0,25.0,3.0
thumper,1.4,45.2,20.8,2.0,20.8,0.0
thunderbolt,1.0,5.0,5.0,5.0,5.0,3.0
thundermiter_(miter),0.0,0.0,0.0,0.0,0.0,0.0
tiberon_prime_set,9.03,15.3,39.6,25.0,39.24,0.0
tidal_impunity,1.0,8.4,19.0,15.0,19.0,3.0
tigris_prime_set,11.6,15.87,39.28,25.0,38.88,0.0
tink,9.0,0.75,1.75,1.0,1.75,0.0
tipedo_prime_set,7.7,15.77,72.98,58.0,73.14,0.0
titania_prime_set,91.27,17.83,63.28,50.0,62.8,0.0
titanic_rumbler,1.8,4.8,11.6,10.0,11.6,3.0
topaz_antitoxin,0.0,0.0,0.0,0.0,0.0,0.0
total_eclipse,4.63,4.74,13.39,9.0,13.33,3.0
toxic_barrage,3.4,3.8,9.37,3.0,9.32,3.0
toxic_blight,1.0,13.0,13.14,9.0,13.14,3.0
toxic_flight,2.0,83.33,123.33,60.0,123.33,10.0
toxic_sequence,0.0,0.0,0.0,0.0,0.0,0.0
toxin_resistance,1.0,15.0,20.0,20.0,20.0,5.0
tractor_beam,0.0,0.0,0.0,0.0,0.0,0.0
trail_blazer,1.0,9.0,19.0,19.0,19.0,0.0
tralok,8.75,1.7,1.98,1.0,1.97,0.0
trample,0.0,0.0,0.0,0.0,0.0,0.0
tranquil_cleave,1.0,7.92,10.25,5.0,10.25,3.0
transfusion,2.0,8.0,7.5,7.0,7.67,3.0
transient_fortitude,18.93,40.23,80.22,12.0,80.36,10.0
transistor_shield,1.0,25.0,23.33,10.0,23.33,3.0
trapezium_xenorhast,12.19,1.58,2.46,1.0,2.45,0.0
tribunal,1.0,8.0,10.0,10.0,10.0,3.0
trick_mag,1.0,14.0,15.0,15.0,15.0,0.0
trinity_prime_set,33.7,25.93,60.35,40.0,60.27,0.0
triple_tap,1.33,10.0,9.67,5.0,9.67,0.0
tromyzon,17.63,1.92,2.37,1.0,2.34,0.0
true_punishment,1.38,20.75,21.06,12.0,21.04,3.0
true_steel,1.2,3.0,9.8,9.0,9.8,5.0
turret_velocity,1.33,30.56,150.83,130.0,151.67,10.0
twin_vipers_wraith_set,3.14,10.21,49.18,40.0,49.13,0.0
twirling_spire,1.09,8.36,14.23,8.0,14.3,3.0
twitch,1.17,10.67,15.83,8.0,15.83,3.0
ulfruns_endurance,3.18,16.06,20.56,10.0,20.49,3.0
unairu_lens,4.14,2.76,3.02,1.0,3.03,0.0
undying_will,1.0,8.33,11.67,10.0,11.67,5.0
unleashed,1.0,40.0,10.0,10.0,10.0,5.0
untraceable,8.53,7.67,9.83,5.0,10.12,0.0
urga_bracket_blueprint,1.69,6.31,7.54,5.0,7.56,0.0
vacuum,1.14,9.57,9.71,3.0,9.43,5.0
valkyr_prime_set,27.33,13.47,67.75,60.0,67.38,0.0
vampire_leech,1.4,13.6,17.3,8.0,17.57,3.0
vampiric_grasp,1.14,10.14,16.57,10.0,16.48,3.0
vanquished_prey,0.0,0.0,0.0,0.0,0.0,0.0
vapor_trail,0.0,0.0,0.0,0.0,0.0,0.0
vaporize,7.0,11.0,14.0,14.0,14.0,0.0
vasca_kavat_imprint,9.79,7.62,17.93,9.0,17.7,0.0
vastilok,16.43,20.0,73.22,56.0,72.61,0.0
vasto_prime_set,21.23,16.03,40.72,28.0,40.18,0.0
vauban_prime_set,32.93,24.4,154.63,130.0,155.27,0.0
vay_hek_frequency_triangulator,1.0,0.0,1.0,1.0,1.0,0.0
vaykor_hek,8.2,14.6,21.27,11.0,21.87,0.0
vaykor_marelok,7.23,15.3,24.07,10.0,23.37,0.0
vaykor_sydon,7.9,13.5,25.18,15.0,25.12,0.0
vazarin_lens,5.95,1.73,3.39,2.0,3.41,0.0
vazarin_transmute_core,2.0,7.0,6.5,3.0,7.67,0.0
vectis_prime_set,13.2,18.23,74.72,65.0,74.6,0.0
velocitus_set,3.57,11.89,37.23,30.0,37.64,0.0
velox_set,4.48,3.89,7.04,5.0,6.96,0.0
venerdo_hoverdrive,1.0,13.89,25.22,20.0,25.22,5.0
vengeful_revenant,1.3,11.4,10.4,5.0,10.47,3.0
venka_prime_blades,16.4,5.03,7.75,3.0,7.73,0.0
venka_prime_gauntlet,23.93,17.93,37.07,25.0,37.03,0.0
venka_prime_set,10.7,24.47,109.33,50.0,108.9,0.0
venom_dose,3.04,11.0,14.98,10.0,15.02,3.0
venom_teeth,1.27,7.27,20.82,15.0,20.67,3.0
venomous_clip,1.29,6.07,15.25,8.0,15.19,5.0
venomous_rise,0.0,0.0,0.0,0.0,0.0,0.0
vericres,3.29,14.04,71.18,60.0,71.81,0.0
vermillion_antitoxin,0.0,0.0,0.0,0.0,0.0,0.0
vermillion_storm,2.4,23.95,27.55,15.0,27.03,3.0
vexing_retaliation,1.0,35.0,40.0,40.0,40.0,3.0
vicious_approach,1.0,22.0,25.0,25.0,25.0,0.0
vicious_frost,4.28,11.07,12.6,5.0,12.61,3.0
vicious_spread,1.96,6.87,9.67,5.0,9.72,5.0
vigilante_armaments,4.9,6.66,13.0,7.0,12.98,5.0
vigilante_fervor,2.52,9.52,14.07,5.0,13.61,5.0
vigilante_offense,1.38,5.25,12.84,6.0,12.69,5.0
vigilante_pursuit,1.81,7.95,13.14,4.0,13.25,5.0
vigilante_supplies,6.67,7.53,23.4,18.0,23.23,5.0
vigilante_vigor,1.5,4.6,9.4,3.0,8.93,5.0
vigor,2.29,7.17,11.77,6.0,11.68,5.0
vigorous_swap,3.97,13.48,89.93,80.0,89.28,10.0
vile_acceleration,8.53,16.47,16.37,4.0,16.69,5.0
vile_discharge,1.0,112.5,75.0,50.0,75.0,5.0
vile_precision,1.62,9.25,9.69,2.0,9.58,5.0
viper_wraith,1.95,22.86,57.57,40.0,57.24,0.0
viral_quills,1.6,32.9,30.2,15.0,31.7,3.0
virtuos_forge,1.14,64.43,72.21,30.0,72.26,3.0
virtuos_fury,1.22,15.78,21.83,15.0,21.7,3.0
virtuos_ghost,1.14,10.71,20.0,10.0,20.0,3.0
virtuos_null,1.44,7.11,11.5,5.0,11.56,3.0
virtuos_shadow,4.04,9.75,16.41,10.0,16.74,3.0
virtuos_spike,1.0,40.0,65.0,65.0,65.0,3.0
virtuos_strike,4.46,6.18,17.98,10.0,17.82,3.0
virtuos_surge,1.25,47.5,41.25,20.0,41.25,3.0
virtuos_tempo,1.33,25.22,24.89,10.0,25.81,3.0
virtuos_trojan,1.78,18.56,85.17,73.0,85.22,3.0
virulent_scourge,3.0,4.44,8.16,4.0,8.11,3.0
vital_sense,5.52,5.59,12.26,8.0,11.91,5.0
vital_systems_bypass,0.0,0.0,0.0,0.0,0.0,0.0
vitality,3.68,10.27,29.82,20.0,29.73,10.0
vitreospina,9.5,2.83,3.0,2.0,3.0,0.0
vizier_predasite_imprint,2.17,15.83,25.0,10.0,25.0,0.0
void_cloak,1.43,3.57,10.0,8.0,10.1,5.0
void_hole,1.4,55.0,86.7,60.0,86.93,10.0
voidrig_set,54.97,12.9,66.82,55.0,66.62,0.0
voidrig_weapon_pod,4.9,23.27,20.67,10.0,23.12,0.0
volatile_parasite,1.25,10.5,21.62,15.0,22.25,3.0
volatile_quick_return,4.73,8.07,9.3,5.0,9.83,3.0
volatile_rebound,1.36,9.32,14.68,8.0,14.73,3.0
volcanic_edge,1.96,4.0,9.2,4.0,9.31,3.0
volnus_prime_set,13.6,12.7,19.27,10.0,18.91,0.0
volt_prime_set,63.87,20.23,102.98,90.0,102.67,0.0
voltage_sequence,1.0,9.67,17.33,15.0,17.33,0.0
voltaic_lance,0.0,0.0,0.0,0.0,0.0,0.0
voltaic_strike,4.57,15.67,57.88,50.0,58.32,3.0
vome,39.13,7.43,10.65,5.0,10.91,3.0
votive_onslaught,5.4,14.95,14.72,5.0,14.98,3.0
vulcan_blitz,1.0,17.5,27.5,25.0,27.5,5.0
vulkar_wraith,9.0,26.56,59.22,30.0,58.72,0.0
vulpine_mask,1.71,9.71,7.29,2.0,7.29,3.0
wanz_stabilizer_blueprint,1.56,7.0,7.72,4.0,8.0,0.0
ward_recovery,0.0,0.0,0.0,0.0,0.0,0.0
warding_thurible,1.0,10.75,12.5,8.0,12.5,3.0
warm_coat,0.0,0.0,0.0,0.0,0.0,0.0
waveband_disruptor,1.33,15.33,15.83,15.0,16.11,5.0
weeping_wounds,12.87,17.93,30.55,9.0,30.2,5.0
whiplash_mine,0.0,0.0,0.0,0.0,0.0,0.0
whirlwind,1.0,2.4,10.0,9.0,10.0,5.0
wild_frenzy,1.2,84.0,63.5,15.0,64.33,5.0
wildfire,1.54,3.77,7.38,5.0,7.36,3.0
winds_of_purity,1.0,18.0,26.67,20.0,26.67,3.0
wise_razor,3.38,19.24,21.98,10.0,21.89,3.0
wisp_prime_set,714.29,48.06,133.35,91.0,134.9,0.0
wolf_sledge_blueprint,79.79,24.97,60.76,15.0,61.23,0.0
wolf_sledge_set,94.2,41.87,140.12,39.0,140.84,0.0
worms_torment,1.0,6.0,12.5,10.0,12.5,5.0
wukong_prime_set,81.87,35.6,80.13,45.0,79.56,0.0
wyrm_prime_set,15.0,17.37,65.22,50.0,65.3,0.0
xata,42.6,10.07,10.17,5.0,10.78,3.0
xiphos_avionics,1.22,6.33,20.44,18.0,20.48,0.0
xiphos_engines,1.2,52.4,38.7,16.0,38.87,0.0
xiphos_fuselage,1.0,45.0,57.5,50.0,57.5,0.0
xiphos_set,1.0,59182.8,58226.8,50.0,58226.8,0.0
xiran,1.0,45.0,30.0,30.0,30.0,0.0
yogwun,2.0,122.5,73.75,20.0,73.33,0.0
zakti_prime_set,13.43,14.0,23.93,13.0,23.83,0.0
zaw_riven_mod_(veiled),26.77,3.42,2.33,1.0,2.48,0.0
zazvat_kar,0.0,0.0,0.0,0.0,0.0,0.0
zenurik_lens,9.07,3.27,5.32,3.0,5.52,0.0
zephyr_prime_set,34.77,25.5,69.8,55.0,70.27,0.0
zhuge_prime_set,10.07,18.4,53.43,40.0,53.47,0.0
zodiac_shred,1.0,7.0,9.0,7.0,9.0,5.0
zubb_bracket_blueprint,1.91,6.64,6.5,2.0,6.39,0.0
zylok,9.0,58.18,124.48,35.0,124.23,0.0
